{
  "timestamp": "2025-06-01T11:27:02.293331",
  "nkat_parameters": {
    "planck_length": 1.616e-35,
    "theta_nc": 1e-20,
    "kappa_deform": 1e-15
  },
  "test_results": {
    "p_vs_np": {
      "sizes": [
        10,
        20,
        50,
        100
      ],
      "classical": [
        1024.0,
        1048576.0,
        1125899906842624.0,
        1.2676506002282294e+30
      ],
      "quantum": [
        2397.8952727983706,
        24356.179501787385,
        491478.2040905407,
        4615120.51684126
      ],
      "nkat": [
        100.0,
        400.0,
        2500.0,
        10000.0
      ]
    },
    "p_vs_np_confidence": 0.6079927675892264,
    "navier_stokes": {
      "time": [
        0.0,
        0.010101010101010102,
        0.020202020202020204,
        0.030303030303030304,
        0.04040404040404041,
        0.05050505050505051,
        0.06060606060606061,
        0.07070707070707072,
        0.08080808080808081,
        0.09090909090909091,
        0.10101010101010102,
        0.11111111111111112,
        0.12121212121212122,
        0.13131313131313133,
        0.14141414141414144,
        0.15151515151515152,
        0.16161616161616163,
        0.17171717171717174,
        0.18181818181818182,
        0.19191919191919193,
        0.20202020202020204,
        0.21212121212121213,
        0.22222222222222224,
        0.23232323232323235,
        0.24242424242424243,
        0.25252525252525254,
        0.26262626262626265,
        0.27272727272727276,
        0.2828282828282829,
        0.29292929292929293,
        0.30303030303030304,
        0.31313131313131315,
        0.32323232323232326,
        0.33333333333333337,
        0.3434343434343435,
        0.3535353535353536,
        0.36363636363636365,
        0.37373737373737376,
        0.38383838383838387,
        0.393939393939394,
        0.4040404040404041,
        0.4141414141414142,
        0.42424242424242425,
        0.43434343434343436,
        0.4444444444444445,
        0.4545454545454546,
        0.4646464646464647,
        0.4747474747474748,
        0.48484848484848486,
        0.494949494949495,
        0.5050505050505051,
        0.5151515151515152,
        0.5252525252525253,
        0.5353535353535354,
        0.5454545454545455,
        0.5555555555555556,
        0.5656565656565657,
        0.5757575757575758,
        0.5858585858585859,
        0.595959595959596,
        0.6060606060606061,
        0.6161616161616162,
        0.6262626262626263,
        0.6363636363636365,
        0.6464646464646465,
        0.6565656565656566,
        0.6666666666666667,
        0.6767676767676768,
        0.686868686868687,
        0.696969696969697,
        0.7070707070707072,
        0.7171717171717172,
        0.7272727272727273,
        0.7373737373737375,
        0.7474747474747475,
        0.7575757575757577,
        0.7676767676767677,
        0.7777777777777778,
        0.787878787878788,
        0.797979797979798,
        0.8080808080808082,
        0.8181818181818182,
        0.8282828282828284,
        0.8383838383838385,
        0.8484848484848485,
        0.8585858585858587,
        0.8686868686868687,
        0.8787878787878789,
        0.888888888888889,
        0.8989898989898991,
        0.9090909090909092,
        0.9191919191919192,
        0.9292929292929294,
        0.9393939393939394,
        0.9494949494949496,
        0.9595959595959597,
        0.9696969696969697,
        0.9797979797979799,
        0.98989898989899,
        1.0
      ],
      "velocity": [
        1.0,
        0.9999323315032195,
        0.9996642748238044,
        0.9991021638075013,
        0.9981582119297393,
        0.9967512793663357,
        0.9948075570759464,
        0.9922611625801556,
        0.9890546431334337,
        0.9851393830053355,
        0.9804759126402373,
        0.9750341185047711,
        0.9687933534692076,
        0.9617424485859658,
        0.9538796281162294,
        0.9452123306048246,
        0.9357569397051657,
        0.9255384293019592,
        0.9145899282619719,
        0.9029522108558011,
        0.8906731195303682,
        0.8778069272678192,
        0.8644136472376073,
        0.8505582978316474,
        0.8363101314654254,
        0.8217418357296317,
        0.8069287155870442,
        0.7919478653287015,
        0.7768773389335348,
        0.7617953273190204,
        0.7467793507304457,
        0.7319054741971306,
        0.7172475535902799,
        0.7028765193545344,
        0.6888597044598604,
        0.6752602225387624,
        0.662136401542974,
        0.649541277581216,
        0.6375221528929574,
        0.6261202211803019,
        0.6153702627691089,
        0.605300411309284,
        0.595931992960788,
        0.5872794382541519,
        0.5793502660697498,
        0.5721451384561045,
        0.5656579843110411,
        0.559876189287124,
        0.5547808486605693,
        0.550347079326259,
        0.5465443865555769,
        0.5433370806828518,
        0.5406847384739721,
        0.5385427035802186,
        0.5368626201939175,
        0.535592993801758,
        0.5346797727775033,
        0.5340669444685748,
        0.5336971394101667,
        0.5335122373450364,
        0.5334539688351471,
        0.5334645064205499,
        0.5334870395083304,
        0.5334663274566325,
        0.5333492256517216,
        0.533085179755382,
        0.5326266837208296,
        0.5319296976326655,
        0.530954021914807,
        0.5296636249641804,
        0.5280269218015485,
        0.5260170018782948,
        0.5236118047334599,
        0.5207942427530108,
        0.517552270837464,
        0.5138789033290285,
        0.5097721790799952,
        0.505235076055064,
        0.5002753773468455,
        0.4949054909414415,
        0.4891422259956943,
        0.483006528775746,
        0.4765231817547316,
        0.469720469672994,
        0.46262981662490166,
        0.4552853984503926,
        0.44772373487553757,
        0.439983265963947,
        0.4321039175095413,
        0.42412666002131644,
        0.4160930659230525,
        0.4080448695166512,
        0.4000235341386593,
        0.39206983077762536,
        0.3842234322177736,
        0.3765225265349231,
        0.36900345349680275,
        0.36170036711542286,
        0.3546449272676465,
        0.34786602294549746
      ],