{
  "attention_analysis": {
    "num_samples": 10,
    "mean_attention_coverage": 14.146428571428572
  },
  "gauge_analysis": {
    "num_samples": 30,
    "num_classes": 9,
    "gauge_statistics": [
      {
        "patch_embed_output_mean": 0.0001321154850302264,
        "patch_embed_output_std": 0.008161937817931175,
        "patch_embed_output_max": 0.05452653393149376,
        "patch_embed_output_min": -0.061824195086956024,
        "transformer_0_output_mean": 0.005607057362794876,
        "transformer_0_output_std": 1.004560112953186,
        "transformer_0_output_max": 3.9077093601226807,
        "transformer_0_output_min": -3.8208727836608887,
        "transformer_1_output_mean": 0.0020690502133220434,
        "transformer_1_output_std": 1.0185989141464233,
        "transformer_1_output_max": 3.8676679134368896,
        "transformer_1_output_min": -3.8483803272247314,
        "transformer_2_output_mean": -0.003703862428665161,
        "transformer_2_output_std": 1.034435749053955,
        "transformer_2_output_max": 3.9391353130340576,
        "transformer_2_output_min": -4.155986785888672,
        "classifier_output_mean": 0.0018219639314338565,
        "classifier_output_std": 0.007677937392145395,
        "classifier_output_max": 0.016096290200948715,
        "classifier_output_min": -0.012581564486026764
      },
      {
        "patch_embed_output_mean": 6.395771924871951e-05,
        "patch_embed_output_std": 0.010125907137989998,
        "patch_embed_output_max": 0.0769740492105484,
        "patch_embed_output_min": -0.07834790647029877,
        "transformer_0_output_mean": 0.006190694868564606,
        "transformer_0_output_std": 1.003983974456787,
        "transformer_0_output_max": 3.9669978618621826,
        "transformer_0_output_min": -4.018608093261719,
        "transformer_1_output_mean": 0.00384298013523221,
        "transformer_1_output_std": 1.0189205408096313,
        "transformer_1_output_max": 3.9036166667938232,
        "transformer_1_output_min": -3.9214603900909424,
        "transformer_2_output_mean": -0.0013272708747535944,
        "transformer_2_output_std": 1.0350161790847778,
        "transformer_2_output_max": 3.8538644313812256,
        "transformer_2_output_min": -3.9651615619659424,
        "classifier_output_mean": 0.00199465686455369,
        "classifier_output_std": 0.007495071738958359,
        "classifier_output_max": 0.015668077394366264,
        "classifier_output_min": -0.012023631483316422
      },
      {
        "patch_embed_output_mean": 0.00010836177534656599,
        "patch_embed_output_std": 0.0065910895355045795,
        "patch_embed_output_max": 0.04352584481239319,
        "patch_embed_output_min": -0.061615947633981705,
        "transformer_0_output_mean": 0.004679991398006678,
        "transformer_0_output_std": 1.0047568082809448,
        "transformer_0_output_max": 3.9028539657592773,
        "transformer_0_output_min": -3.7854771614074707,
        "transformer_1_output_mean": -0.00044566631549969316,
        "transformer_1_output_std": 1.018825650215149,
        "transformer_1_output_max": 3.7619998455047607,
        "transformer_1_output_min": -3.7828779220581055,
        "transformer_2_output_mean": -0.006143725011497736,
        "transformer_2_output_std": 1.0355784893035889,
        "transformer_2_output_max": 3.9532504081726074,
        "transformer_2_output_min": -3.8631038665771484,
        "classifier_output_mean": 0.0018253375310450792,
        "classifier_output_std": 0.007834235206246376,
        "classifier_output_max": 0.016283035278320312,
        "classifier_output_min": -0.013154275715351105
      },
      {
        "patch_embed_output_mean": -0.0001040710267261602,
        "patch_embed_output_std": 0.011800501495599747,
        "patch_embed_output_max": 0.08251018822193146,
        "patch_embed_output_min": -0.07415352016687393,
        "transformer_0_output_mean": 0.0066533321514725685,
        "transformer_0_output_std": 1.0046160221099854,
        "transformer_0_output_max": 3.892143487930298,
        "transformer_0_output_min": -3.8758018016815186,
        "transformer_1_output_mean": 0.005198565311729908,
        "transformer_1_output_std": 1.0184907913208008,
        "transformer_1_output_max": 3.8191285133361816,
        "transformer_1_output_min": -3.9226534366607666,
        "transformer_2_output_mean": 0.00020584245794452727,
        "transformer_2_output_std": 1.0348503589630127,
        "transformer_2_output_max": 3.838634729385376,
        "transformer_2_output_min": -3.8235132694244385,
        "classifier_output_mean": 0.0019479613984003663,
        "classifier_output_std": 0.007423280738294125,
        "classifier_output_max": 0.015401964075863361,
        "classifier_output_min": -0.01182485744357109
      },
      {
        "patch_embed_output_mean": 7.763157918816432e-05,
        "patch_embed_output_std": 0.008420836180448532,
        "patch_embed_output_max": 0.059378378093242645,
        "patch_embed_output_min": -0.07377942651510239,
        "transformer_0_output_mean": 0.005273084621876478,
        "transformer_0_output_std": 1.0048975944519043,
        "transformer_0_output_max": 3.9216628074645996,
        "transformer_0_output_min": -3.8806204795837402,
        "transformer_1_output_mean": 0.0018823641585186124,
        "transformer_1_output_std": 1.0184361934661865,
        "transformer_1_output_max": 3.7011024951934814,
        "transformer_1_output_min": -3.9574196338653564,
        "transformer_2_output_mean": -0.0036963571328669786,
        "transformer_2_output_std": 1.034905195236206,
        "transformer_2_output_max": 3.780871629714966,
        "transformer_2_output_min": -3.7213284969329834,
        "classifier_output_mean": 0.0018999598687514663,
        "classifier_output_std": 0.0077345403842628,
        "classifier_output_max": 0.016174979507923126,
        "classifier_output_min": -0.012809601612389088
      }
    ]
  },
  "gradcam_analysis": {
    "num_samples": 10,
    "mean_focus_intensity": 0.998444343982024
  },
  "visualization_files": {
    "summary": "nkat_interpretability_summary_20250601_193211.png",
    "gauge_space": "nkat_gauge_parameter_analysis_20250601_193211.png"
  },
  "timestamp": "20250601_193211",
  "device": "cuda"
}