{
  "timestamp": "2025-06-01T11:17:02.064284",
  "nkat_parameters": {
    "planck_length": 1.616e-35,
    "theta_nc": 1e-20,
    "kappa_deform": 1e-15
  },
  "test_results": {
    "p_vs_np": {
      "sizes": [
        10,
        20,
        50,
        100
      ],
      "classical": [
        1024.0,
        1048576.0,
        1125899906842624.0,
        1.2676506002282294e+30
      ],
      "quantum": [
        2397.8952727983706,
        24356.179501787385,
        491478.2040905407,
        4615120.51684126
      ],
      "nkat": [
        100.0,
        400.0,
        2500.0,
        10000.0
      ]
    },
    "p_vs_np_confidence": 0.6079927675892264,
    "navier_stokes": {
      "time": 