{
  "parameters": {
    "dimension": 3,
    "lattice_size": 8,
    "theta": 0.01,
    "kappa": 0.05,
    "mass": 0.1,
    "coupling": 1.0,
    "use_sparse": true,
    "recovery_enabled": true,
    "checkpoint_interval": 30,
    "auto_save": true,
    "max_eigenvalues": 20,
    "memory_limit_gb": 8.0,
    "log_level": 10
  },
  "gpu_info": {
    "device_name": "NVIDIA GeForce RTX 3080",
    "cuda_available": true,
    "total_memory_gb": 10.73676288
  },
  "results": {
    "spectral_dimension": 0.004445090424269438,
    "theoretical_dimension": 3,
    "dimension_error": 2.9955549095757306,
    "total_computation_time": 0.7885735034942627,
    "matrix_size": 1024,
    "nnz_elements": 5120,
    "sparsity_ratio": 0.0048828125,
    "spinor_dimension": 2
  },
  "dirac_analysis": {
    "eigenvalues": "[3.83934799e-02 3.83934799e-02 3.83934787e-02 3.83934787e-02\n 3.83934775e-02 3.83934775e-02 3.83833800e-02 3.83833799e-02\n 3.83833788e-02 3.83833787e-02 3.83833776e-02 3.83833775e-02\n 1.00173129e-02 9.98268936e-03 1.19742048e-05 1.19742048e-05\n 1.19742047e-05 1.19742046e-05 1.19742045e-05 1.19742045e-05]",
    "n_eigenvalues": 20,
    "min_eigenvalue": 1.197420449024095e-05,
    "max_eigenvalue": 0.03839347994824323,
    "spectral_gap": -8.761165404269633e-11,
    "zeta_function": "[19.99952  19.999447 19.999363 19.999268 19.999155 19.999027 19.99888\n 19.99871  19.998516 19.998291 19.998032 19.997734 19.99739  19.996996\n 19.99654  19.996017 19.995415 19.99472  19.993921 19.993    19.99194\n 19.990723 19.989319 19.987701 19.98584  19.983698 19.981232 19.978392\n 19.975124 19.971363 19.967033 19.96205  19.956312 19.94971  19.942116\n 19.933372 19.923317 19.911749 19.898441 19.883135 19.865534 19.845299\n 19.822039 19.795311 19.764606 19.729343 19.688864 19.642416 19.58915\n 19.528095]",
    "t_values": "[0.001      0.0011514  0.00132571 0.00152642 0.00175751 0.00202359\n 0.00232995 0.0026827  0.00308884 0.00355648 0.00409491 0.00471487\n 0.00542868 0.00625055 0.00719686 0.00828643 0.00954095 0.01098541\n 0.01264855 0.01456349 0.01676833 0.01930698 0.02222997 0.02559548\n 0.02947052 0.03393222 0.0390694  0.04498432 0.05179475 0.05963623\n 0.06866488 0.07906044 0.09102982 0.10481131 0.12067925 0.13894954\n 0.15998589 0.18420699 0.21209507 0.24420531 0.2811769  0.32374576\n 0.37275937 0.42919344 0.49417132 0.5689866  0.65512854 0.754312\n 0.8685114  1.        ]",
    "slope": -0.002222545212134719,
    "intercept": 2.9844157695770264,
    "computation_time": 0.7468819618225098
  },
  "checkpoint_id": "6c59e0e12c7a",
  "timestamp": "2025-05-28T07:50:52.510330"
}