{
  "critical_line_verification": {
    "method": "Enhanced Large-Scale Noncommutative KA + Quantum GUE",
    "gamma_count": 100,
    "spectral_analysis": [],
    "gue_correlation": {},
    "statistical_significance": 0.0,
    "critical_line_property": 0.0,
    "verification_success": false
  },
  "zero_distribution_proof": {
    "method": "Enhanced Large-Scale Random Matrix Theory",
    "gamma_count": 412,
    "density_analysis": {
      "total_zeros": 412,
      "max_height": 1399.6396660831606,
      "theoretical_count": 982.3743959779093,
      "count_error": 0.5806079620083414,
      "multi_resolution_analysis": [
        {
          "n_windows": 10,
          "mean_relative_error": 0.6077238753220204,
          "max_relative_error": 0.877156548707119,
          "correlation": 0.7740808701363195
        },
        {
          "n_windows": 20,
          "mean_relative_error": 0.6099483971028908,
          "max_relative_error": 0.9477159392642777,
          "correlation": 0.7472291033952151
        },
        {
          "n_windows": 50,
          "mean_relative_error": 0.611820972392407,
          "max_relative_error": 0.999999999669225,
          "correlation": 0.6545296766903117
        },
        {
          "n_windows": 100,
          "mean_relative_error": 0.6254842900843454,
          "max_relative_error": 0.9999999998722919,
          "correlation": 0.5190477308773304
        }
      ],
      "overall_density_accuracy": 0.38625561627458405
    },
    "gap_distribution": {
      "mean_gap": 3.2422380926597576,
      "normalized_mean": 1.0000000000000002,
      "normalized_variance": 2.4089857290253556,
      "normalized_std": 1.5520907605631042,
      "skewness": 2.5513074322095606,
      "kurtosis": 7.718036622439847,
      "theoretical_mean": 0.8862269254527579,
      "theoretical_variance": 0.21460183660255172,
      "mean_deviation": 0.11377307454724228,
      "variance_deviation": 2.194383892422804,
      "ks_statistic": 0.44873629821696803,
      "ks_pvalue": 5.0267361385732096e-76,
      "gue_compatibility": "False",
      "anderson_darling": {
        "statistic": 43.45768507873993,
        "critical_values": [
          0.571,
          0.65,
          0.78,
          0.909,
          1.082
        ],
        "significance_levels": [
          15.0,
          10.0,
          5.0,
          2.5,
          1.0
        ]
      },
      "distribution_quality": "poor"
    },
    "pair_correlation": {
      "r_values": [
        0.05,
        0.1505050505050505,
        0.251010101010101,
        0.3515151515151515,
        0.452020202020202,
        0.5525252525252525,
        0.6530303030303031,
        0.7535353535353535,
        0.854040404040404,
        0.9545454545454546,
        1.055050505050505,
        1.1555555555555554,
        1.256060606060606,
        1.3565656565656565,
        1.457070707070707,
        1.5575757575757576,
        1.658080808080808,
        1.7585858585858585,
        1.8590909090909091,
        1.9595959595959596,
        2.0601010101010098,
        2.16060606060606,
        2.2611111111111106,
        2.3616161616161615,
        2.462121212121212,
        2.5626262626262624,
        2.663131313131313,
        2.7636363636363632,
        2.8641414141414137,
        2.9646464646464645,
        3.065151515151515,
        3.1656565656565654,
        3.266161616161616,
        3.3666666666666663,
        3.4671717171717167,
        3.567676767676767,
        3.668181818181818,
        3.7686868686868684,
        3.869191919191919,
        3.9696969696969693,
        4.07020202020202,
        4.170707070707071,
        4.271212121212121,
        4.3717171717171714,
        4.472222222222221,
        4.572727272727272,
        4.673232323232323,
        4.773737373737373,
        4.874242424242424,
        4.974747474747474,
        5.075252525252525,
        5.175757575757575,
        5.276262626262626,
        5.376767676767677,
        5.477272727272727,
        5.5777777777777775,
        5.6782828282828275,
        5.778787878787878,
        5.879292929292929,
        5.979797979797979,
        6.08030303030303,
        6.18080808080808,
        6.281313131313131,
        6.381818181818181,
        6.482323232323232,
        6.582828282828283,
        6.683333333333333,
        6.783838383838384,
        6.8843434343434335,
        6.984848484848484,
        7.085353535353534,
        7.185858585858585,
        7.286363636363636,
        7.386868686868686,
        7.487373737373737,
        7.587878787878787,
        7.688383838383838,
        7.788888888888889,
        7.889393939393939,
        7.98989898989899,
        8.09040404040404,
        8.190909090909091,
        8.291414141414142,
        8.391919191919191,
        8.492424242424242,
        8.592929292929293,
        8.693434343434344,
        8.793939393939395,
        8.894444444444444,
        8.994949494949495,
        9.095454545454546,
        9.195959595959597,
        9.296464646464647,
        9.396969696969697,
        9.497474747474747,
        9.597979797979798,
        9.69848484848485,
        9.7989898989899,
        9.89949494949495,
        10.0
      ],