{
  "gamma_values": [
    14.134725,
    21.02204,
    25.010858,
    30.424876,
    32.935062,
    37.586178,
    10.717419,
    12.456732,
    23.170313,
    27.670618,
    40.918719,
    43.327073
  ],
  "spectral_dimensions_all": [
    [
      1.0,
      1.0,
      1.0,
      1.0,
      1.0,
      1.0,
      1.0,
      1.0,
      1.0,
      1.0,
      1.0,
      1.0
    ],
    [
      1.0,
      1.0,
      1.0,
      1.0,
      1.0,
      1.0,
      1.0,
      1.0,
      1.0,
      1.0,
      1.0,
      1.0
    ]
  ],
  "real_parts_all": [
    [
      0.5,
      0.5,
      0.5,
      0.5,
      0.5,
      0.5,
      0.5,
      0.5,
      0.5,
      0.5,
      0.5,
      0.5
    ],
    [
      0.5,
      0.5,
      0.5,
      0.5,
      0.5,
      0.5,
      0.5,
      0.5,
      0.5,
      0.5,
      0.5,
      0.5
    ]
  ],
  "convergence_to_half_all": [
    [
      0.0,
      0.0,
      0.0,
      0.0,
      0.0,
      0.0,
      0.0,
      0.0,
      0.0,
      0.0,
      0.0,
      0.0
    ],
    [
      0.0,
      0.0,
      0.0,
      0.0,
      0.0,
      0.0,
      0.0,
      0.0,
      0.0,
      0.0,
      0.0,
      0.0
    ]
  ],
  "theoretical_predictions": [
    1.0,
    1.0,
    1.0,
    1.0,
    1.0,
    1.0,
    1.0,
    1.0,
    1.0,
    1.0,
    1.0,
    1.0
  ],
  "success_classifications": [
    [
      "究極成功",
      "究極成功",
      "究極成功",
      "究極成功",
      "究極成功",
      "究極成功",
      "究極成功",
      "究極成功",
      "究極成功",
      "究極成功",
      "究極成功",
      "究極成功"
    ],
    [
      "究極成功",
      "究極成功",
      "究極成功",
      "究極成功",
      "究極成功",
      "究極成功",
      "究極成功",
      "究極成功",
      "究極成功",
      "究極成功",
      "究極成功",
      "究極成功"
    ]
  ],
  "statistics": {
    "spectral_dimension_mean": [
      1.0,
      1.0,
      1.0,
      1.0,
      1.0,
      1.0,
      1.0,
      1.0,
      1.0,
      1.0,
      1.0,
      1.0
    ],
    "spectral_dimension_std": [
      0.0,
      0.0,
      0.0,
      0.0,
      0.0,
      0.0,
      0.0,
      0.0,
      0.0,
      0.0,
      0.0,
      0.0
    ],
    "real_part_mean": [
      0.5,
      0.5,
      0.5,
      0.5,
      0.5,
      0.5,
      0.5,
      0.5,
      0.5,
      0.5,
      0.5,
      0.5
    ],
    "real_part_std": [
      0.0,
      0.0,
      0.0,
      0.0,
      0.0,
      0.0,
      0.0,
      0.0,
      0.0,
      0.0,
      0.0,
      0.0
    ],
    "convergence_mean": [
      0.0,
      0.0,
      0.0,
      0.0,
      0.0,
      0.0,
      0.0,
      0.0,
      0.0,
      0.0,
      0.0,
      0.0
    ],
    "convergence_std": [
      0.0,
      0.0,
      0.0,
      0.0,
      0.0,
      0.0,
      0.0,
      0.0,
      0.0,
      0.0,
      0.0,
      0.0
    ]
  },
  "overall_statistics": {
    "mean_convergence": 0.0,
    "std_convergence": 0.0,
    "min_convergence": 0.0,
    "max_convergence": 0.0,
    "success_rate": 1.0,
    "high_precision_success_rate": 1.0,
    "ultra_precision_success_rate": 1.0,
    "perfect_success_rate": 1.0,
    "ultimate_success_rate": 1.0
  }
}