{
  "gamma_values": [
    14.134725,
    21.02204,
    25.010858,
    30.424876,
    32.935062,
    37.586178
  ],
  "spectral_dimensions_all": [
    [
      0.4960229974699766,
      0.4761002380217476,
      0.39664126015455814,
      1.0,
      1.0,
      1.0
    ],
    [
      0.4960229974699766,
      0.4761002380217476,
      0.39664126015455814,
      1.0,
      1.0,
      1.0
    ],
    [
      0.4960229974699766,
      0.4761002380217476,
      0.39664126015455814,
      1.0,
      1.0,
      1.0
    ]
  ],
  "real_parts_all": [
    [
      0.2480114987349883,
      0.2380501190108738,
      0.19832063007727907,
      0.5,
      0.5,
      0.5
    ],
    [
      0.2480114987349883,
      0.2380501190108738,
      0.19832063007727907,
      0.5,
      0.5,
      0.5
    ],
    [
      0.2480114987349883,
      0.2380501190108738,
      0.19832063007727907,
      0.5,
      0.5,
      0.5
    ]
  ],
  "convergence_to_half_all": [
    [
      0.2519885012650117,
      0.2619498809891262,
      0.30167936992272093,
      0.0,
      0.0,
      0.0
    ],
    [
      0.2519885012650117,
      0.2619498809891262,
      0.30167936992272093,
      0.0,
      0.0,
      0.0
    ],
    [
      0.2519885012650117,
      0.2619498809891262,
      0.30167936992272093,
      0.0,
      0.0,
      0.0
    ]
  ],
  "theoretical_predictions": [
    1.0,
    1.0,
    1.0,
    1.0,
    1.0,
    1.0
  ],
  "statistics": {
    "spectral_dimension_mean": [
      0.4960229974699766,
      0.4761002380217476,
      0.39664126015455814,
      1.0,
      1.0,
      1.0
    ],
    "spectral_dimension_std": [
      0.0,
      0.0,
      0.0,
      0.0,
      0.0,
      0.0
    ],
    "real_part_mean": [
      0.2480114987349883,
      0.2380501190108738,
      0.19832063007727907,
      0.5,
      0.5,
      0.5
    ],
    "real_part_std": [
      0.0,
      0.0,
      0.0,
      0.0,
      0.0,
      0.0
    ],
    "convergence_mean": [
      0.2519885012650117,
      0.2619498809891262,
      0.30167936992272093,
      0.0,
      0.0,
      0.0
    ],
    "convergence_std": [
      0.0,
      0.0,
      0.0,
      0.0,
      0.0,
      0.0
    ]
  },
  "overall_statistics": {
    "mean_convergence": 0.13593629202947646,
    "std_convergence": 0.13678105023030754,
    "min_convergence": 0.0,
    "max_convergence": 0.30167936992272093,
    "success_rate": 0.5,
    "high_precision_success_rate": 0.5
  }
}