{
  "title": "Solution to the Birch and Swinnerton-Dyer Conjecture via Non-Commutative Kolmogorov-Arnold Transform Theory",
  "timestamp": "20250604_032638",
  "confidence": 0.47915602611116537,
  "verification_results": {
    "E1": {
      "curve_parameters": {
        "a": -1,
        "b": 1,
        "name": "E1"
      },
      "l_function_data": {
        "local_factors": [
          1.5,
          2.3333333333333335,
          1.5999999999999999,
          1.7142857142857142,
          0.9090909090909091,
          1.4615384615384615,
          0.8235294117647058,
          1.157894736842105,
          1.0,
          1.2758620689655173,
          1.129032258064516,
          0.972972972972973,
          1.2439024390243902,
          1.2093023255813953,
          0.8297872340425533,
          0.9811320754716981,
          1.0169491525423728,
          1.0491803278688525,
          0.8059701492537314,
          1.056338028169014
        ],
        "l_value_at_1": 18.964199883265916,
        "primes": [
          2,
          3,
          5,
          7,
          11,
          13,
          17,
          19,
          23,
          29,
          31,
          37,
          41,
          43,
          47,
          53,
          59,
          61,
          67,
          71
        ],
        "ap_coefficients": [
          0,
          -3,
          -2,
          -4,
          2,
          -5,
          4,
          -2,
          1,
          -7,
          -3,
          2,
          -9,
          -8,
          9,
          2,
          0,
          -2,
          14,
          -3
        ],
        "nc_corrections": [
          0.0,
          9.000000000000001e-17,
          4e-17,
          1.6e-16,
          4e-17,
          2.5e-16,
          1.6e-16,
          4e-17,
          1e-17,
          4.900000000000001e-16,
          9.000000000000001e-17,
          4e-17,
          8.100000000000001e-16,
          6.4e-16,
          8.100000000000001e-16,
          4e-17,
          0.0,
          4e-17,
          1.9600000000000003e-15,
          9.000000000000001e-17
        ]
      },
      "mordell_weil_data": {
        "torsion_structure": {
          "type": "Z/2Z",
          "order": 2
        },
        "rank_estimate": 1.0,
        "regulator": 3.0599999999999996,
        "height_pairing_nc": "[[1.5 0.3]\n [0.3 2.1]]",
        "nc_corrections": {
          "rank_correction": 1.0000000000000001e-16,
          "regulator_correction": 1.5300000000000002e-16
        }
      },
      "bsd_verification": {
        "lhs_classical": 18.964199810511673,
        "rhs_classical": 4.593464050551558,
        "lhs_nc": 18.964199810511673,
        "rhs_nc": 4.593464050551558,
        "agreement_ratio": 4.128518173171412,
        "agreement_score": 0.242217657293689,
        "rank": 1.0,
        "components": {
          "omega": 3.0022640853278157,
          "regulator": 3.0599999999999996,
          "tamagawa_product": 2.0,
          "sha_order": 1.0,
          "torsion_order": 2
        }
      }
    },
    "E2": {
      "curve_parameters": {
        "a": 0,
        "b": -4,
        "name": "E2"
      },
      "l_function_data": {
        "local_factors": [
          1.5,
          1.3333333333333333,
          1.2,
          1.8571428571428572,
          1.0909090909090908,
          1.6153846153846152,
          1.0588235294117647,
          1.0,
          1.0434782608695652,
          1.0344827586206897,
          0.9032258064516129,
          1.054054054054054,
          1.024390243902439,
          1.2093023255813953,
          1.0212765957446808,
          1.0188679245283019,
          1.0169491525423728,
          1.2295081967213115,
          1.1791044776119404,
          1.0140845070422535
        ],
        "l_value_at_1": 16.47135088097175,
        "primes": [
          2,
          3,
          5,
          7,
          11,
          13,
          17,
          19,
          23,
          29,
          31,
          37,
          41,
          43,
          47,
          53,
          59,
          61,
          67,
          71
        ],
        "ap_coefficients": [
          0,
          0,
          0,
          -5,
          0,
          -7,
          0,
          1,
          0,
          0,
          4,
          -1,
          0,
          -8,
          0,
          0,
          0,
          -13,
          -11,
          0
        ],
        "nc_corrections": [
          0.0,
          0.0,
          0.0,
          2.5e-16,
          0.0,
          4.900000000000001e-16,
          0.0,
          1e-17,
          0.0,
          0.0,
          1.6e-16,
          1e-17,
          0.0,
          6.4e-16,
          0.0,
          0.0,
          0.0,
          1.6900000000000002e-15,
          1.2100000000000001e-15,
          0.0
        ]
      },
      "mordell_weil_data": {
        "torsion_structure": {
          "type": "Z/2Z",
          "order": 2
        },
        "rank_estimate": 1.0,
        "regulator": 3.0599999999999996,
        "height_pairing_nc": "[[1.5 0.3]\n [0.3 2.1]]",
        "nc_corrections": {
          "rank_correction": 1.0000000000000001e-16,
          "regulator_correction": 1.5300000000000002e-16
        }
      },
      "bsd_verification": {
        "lhs_classical": 16.471350861024803,
        "rhs_classical": 9.550851393505434,
        "lhs_nc": 16.471350861024803,
        "rhs_nc": 9.550851393505434,
        "agreement_ratio": 1.7245950316246463,
        "agreement_score": 0.5798462721175504,
        "rank": 1.0,
        "components": {
          "omega": 2.0807955105676332,
          "regulator": 3.0599999999999996,
          "tamagawa_product": 6.0,
          "sha_order": 1.0,
          "torsion_order": 2
        }
      }
    },
    "E3": {
      "curve_parameters": {
        "a": -2,
        "b": 2,
        "name": "E3"
      },
      "l_function_data": {
        "local_factors": [
          1.5,
          1.3333333333333333,
          1.0,
          1.2857142857142856,
          1.3636363636363635,
          0.7692307692307692,
          1.2352941176470589,
          1.1052631578947367,
          1.391304347826087,
          1.0344827586206897,
          0.967741935483871,
          0.8108108108108107,
          1.024390243902439,
          1.2790697674418605,
          1.1702127659574468,
          1.0566037735849056,
          1.11864406779661,
          1.0,
          0.8656716417910448,
          0.9859154929577465
        ],
        "l_value_at_1": 6.43297268117416,
        "primes": [
          2,
          3,
          5,
          7,
          11,
          13,
          17,
          19,
          23,
          29,
          31,
          37,
          41,
          43,
          47,
          53,
          59,
          61,
          67,
          71
        ],
        "ap_coefficients": [
          0,
          0,
          1,
          -1,
          -3,
          4,
          -3,
          -1,
          -8,
          0,
          2,
          8,
          0,
          -11,
          -7,
          -2,
          -6,
          1,
          10,
          2
        ],
        "nc_corrections": [
          0.0,
          0.0,
          1e-17,
          1e-17,
          9.000000000000001e-17,
          1.6e-16,
          9.000000000000001e-17,
          1e-17,
          6.4e-16,
          0.0,
          4e-17,
          6.4e-16,
          0.0,
          1.2100000000000001e-15,
          4.900000000000001e-16,
          4e-17,
          3.6000000000000003e-16,
          1e-17,
          1e-15,
          4e-17
        ]
      },
      "mordell_weil_data": {
        "torsion_structure": {
          "type": "Z/2Z",
          "order": 2
        },
        "rank_estimate": 1.0,
        "regulator": 3.0599999999999996,
        "height_pairing_nc": "[[1.5 0.3]\n [0.3 2.1]]",
        "nc_corrections": {
          "rank_correction": 1.0000000000000001e-16,