{
  "analysis_info": {
    "timestamp": "2025-06-04T06:40:58.753804",
    "precision_level": "ultra",
    "nkat_parameter": 1e-15,
    "computation_device": "CUDA",
    "field_dimension": 512
  },
  "mass_gap_results": {
    "mass_gap_value": 2.666224988038728,
    "ground_state_energy": -6.499497069012051e-15,
    "first_excited_energy": 2.666224988038721,
    "eigenvalue_spectrum": [
      -6.499497069012051e-15,
      1.1644579110732311e-14,
      2.666224988038721,
      2.7383663506071816,
      2.9423661205879084,
      2.9670111498163627,
      3.101839909768389,
      3.26772084618916,
      3.317117469081151,
      3.3769803166709056,
      3.399570638642016,
      3.489103471868358,
      3.6228439691329135,
      3.67270819562072,
      3.702488944764912,
      3.7558941475386884,
      3.888441481036347,
      3.9424141856917014,
      3.9796448745009205,
      4.097269982187683
    ],
    "gap_existence_confidence": 0.0,
    "statistical_significance": 1.0,
    "theoretical_consistency": 0.0,
    "precision_estimates": {
      "eigenvalue_precision": 0.6162109626611999,
      "mass_gap_precision": 0.3837890373388001
    },
    "overall_confidence": 0.40756835560082005
  },
  "achievement_status": {
    "target_confidence": 0.95,
    "achieved_confidence": 0.40756835560082005,
    "goal_achieved": "False",
    "improvement_from_baseline": -0.47243164439917995
  },
  "clay_institute_submission": {
    "problem_statement": "Existence and Mass Gap for Yang-Mills Theory",
    "solution_approach": "Non-Commutative Kolmogorov-Arnold Transform (NKAT) Theory",
    "key_findings": {
      "mass_gap_exists": "True",
      "gap_value": 2.666224988038728,
      "statistical_confidence": 1.0
    },
    "mathematical_rigor": {
      "eigenvalue_precision": 0.6162109626611999,
      "theoretical_consistency": 0.0,
      "convergence_verified": true
    }
  }
}