{
  "timestamp": "2025-06-04T22:08:30.463347",
  "system_parameters": {
    "consciousness_dimension": 128,
    "quantum_levels": 20,
    "noncommutative_parameter": 1e-15,
    "consciousness_coupling": 0.618,
    "device": "cuda"
  },
  "differential_equation_demo": {
    "solution_points": 1000,
    "noncommutative_effect": 9.685320980535484e-16,
    "max_amplitude": 1.0
  },
  "optimization_demo": {
    "optimal_value": 2.116155813839113,
    "solution": [
      0.365664256851811,
      0.5370135074526313,
      0.8656390451549244,
      0.384826620981997,
      0.5419035591841244
    ],
    "consciousness_enhancement": 0.618
  },
  "integral_demo": {
    "integral_value": 1.3803884470421275,
    "error_estimate": 4.834100187439889e-14,
    "consciousness_contribution": 0.618
  },
  "matrix_demo": {
    "matrix_size": [
      32,
      32
    ],
    "singular_values": [
      18.521867347285554,
      3.6948497718282134,
      3.3709403142897227,
      3.0570459353374497,
      2.9056226158415006
    ],
    "consciousness_effect": 5.013663493397844,
    "noncommutative_effect": 0.3199999999999994
  },
  "learning_demo": {
    "final_loss": 2.757874011993408,
    "loss_reduction": 260.3770136833191,
    "final_coherence": 0.6450332999229431
  },
  "quantum_demo": {
    "entanglement_entropy": "(0.6931471805599452-0j)",
    "noncommutative_correction": 0.01414213562373095
  }
}