{
  "theta": 1e-12,
  "computation_time": 0.007528066635131836,
  "information_reality": {
    "quantum_entropy": 1.1935931616178168,
    "stress_energy_tensor": [
      [
        -1.1935931616178168,
        -0.10973057122488139,
        0.02017257279492019,
        0.05375390978212093
      ],
      [
        -0.10973057122488139,
        -1.1935931616178168,
        0.02842179861873272,
        -0.030539827292737815
      ],
      [
        0.02017257279492019,
        0.02842179861873272,
        -1.1935931616178168,
        -0.04313517098214886
      ],
      [
        0.05375390978212093,
        -0.030539827292737815,
        -0.04313517098214886,
        -1.1935931616178168
      ]
    ],
    "einstein_residual": 2.635066781402114e-09
  },
  "free_will_physics": {
    "state_change": 0.6586156286670393,
    "metacognitive_field_norm": 0.0084633020704864,
    "free_will_acceleration": 0.8776652619793773
  },
  "cmb_polarization": {
    "theoretical_rotation": 6.720170238234863e-17,
    "observed_rotation": 0.35,
    "spectral_dimension_range": [
      2.0,
      4.0
    ],
    "frequencies": [
      100000000.0,
      120679264.06393264,
      145634847.75012442,
      175751062.48547894,
      212095088.79201925,
      255954792.2699533,
      308884359.6477485,
      372759372.0314938,
      449843266.8969453,
      542867543.9323859,
      655128556.8595495,
      790604321.0907701,
      954095476.3499924,
      1151395399.3264482,
      1389495494.373136,
      1676832936.81101,
      2023589647.7251556,
      2442053094.5486546,
      2947051702.55181,
      3556480306.223121,
      4291934260.1287785,
      5179474679.231202,
      6250551925.273976,
      7543120063.354608,
      9102981779.915228,
      10985411419.875572,
      13257113655.901108,
      15998587196.060574,
      19306977288.832455,
      23299518105.153717,
      28117686979.742252,
      33932217718.953297,
      40949150623.80419,
      49417133613.23838,
      59636233165.946365,
      71968567300.11528,
      86851137375.13521,
      104811313415.4683,
      126485521685.52959,
      152641796717.52304,
      184206996932.67163,
      222299648252.6191,
      268269579527.97272,
      323745754281.764,
      390693993705.4621,
      471486636345.73895,
      568986602901.8281,
      686648845004.2998,
      828642772854.6859,
      1000000000000.0
    ],
    "rotation_angles": [
      5.758225841064773e-20,
      6.948984568136165e-20,
      8.385983436743005e-20,
      1.0120143095984746e-19,
      1.2212914210451328e-19,
      1.473845498993211e-19,
      1.7786259016244104e-19,
      2.146432648530825e-19,
      2.590299123874988e-19,
      3.1259539197468308e-19,
      3.772378185328131e-19,
      4.552478231762343e-19,
      5.493897226761531e-19,
      6.629994741684648e-19,
      8.001028861742464e-19,
      9.655582747893693e-19,
      1.1652286201242153e-18,
      1.406189323428226e-18,
      1.6969789268587765e-18,
      2.0479016802531936e-18,
      2.471392676482475e-18,
      2.9824584941089785e-18,
      3.599208961702978e-18,
      4.343498887106265e-18,
      5.241702491584967e-18,
      6.325647991265558e-18,
      7.633745443134245e-18,
      9.2123478212884e-18,
      1.1117393553740574e-17,
      1.341638872374527e-17,
      1.6190799175772234e-17,
      1.9538937291391286e-17,
      2.3579445729164298e-17,
      2.8455501576309984e-17,
      3.433988988799164e-17,
      4.14411263971933e-17,
      5.001084635593702e-17,
      6.035272133448886e-17,
      7.283321994901751e-17,
      8.789459382853971e-17,
      1.0607054898426493e-16,
      1.2800515790278411e-16,
      1.5447568252095539e-16,
      1.86420116824026e-16,
      2.24970425050359e-16,
      2.714926533122743e-16,
      3.2763533600489676e-16,
      3.9538791230410393e-16,
      4.77151222766342e-16,
      5.758225841064774e-16
    ]
  },
  "supercausal_communication": {
    "supercausal_greens_function": 0.0,
    "entanglement_entropy": {
      "real": 2.437339447677466e-11,
      "imag": -0.0
    },
    "wormhole_area_correction": {
      "real": 2.4373394476774658e-23,
      "imag": 0.0
    }
  },
  "unified_score": 0.5944163148360776,
  "component_scores": {
    "reality": 0.9999999973649332,
    "consciousness": 0.8776652619793773,
    "observation": 0.5,
    "supercausal": 0.0
  }
}