{
  "theta": 1e-12,
  "computation_time": 0.033147335052490234,
  "information_reality": {
    "quantum_entropy": 0.7511961406445589,
    "stress_energy_tensor": [
      [
        -0.7511961406445589,
        -0.07375666055822111,
        0.0037382641757117484,
        -0.08815433142951695
      ],
      [
        -0.07375666055822111,
        -0.7511961406445589,
        -0.1337635782461914,
        0.052099831821647895
      ],
      [
        0.0037382641757117484,
        -0.1337635782461914,
        -0.7511961406445589,
        -0.12580484775161727
      ],
      [
        -0.08815433142951695,
        0.052099831821647895,
        -0.12580484775161727,
        -0.7511961406445589
      ]
    ],
    "einstein_residual": 1.4728612529869124e-09
  },
  "free_will_physics": {
    "state_change": 0.5539850280003736,
    "metacognitive_field_norm": 0.00854093565385523,
    "free_will_acceleration": 0.9270701515622299
  },
  "cmb_polarization": {
    "theoretical_rotation": 67201702382348.63,
    "observed_rotation": 0.35,
    "spectral_dimension_range": [
      2.0,
      4.0
    ],
    "frequencies": [
      100000000.0,
      120679264.06393264,
      145634847.75012442,
      175751062.48547894,
      212095088.79201925,
      255954792.2699533,
      308884359.6477485,
      372759372.0314938,
      449843266.8969453,
      542867543.9323859,
      655128556.8595495,
      790604321.0907701,
      954095476.3499924,
      1151395399.3264482,
      1389495494.373136,
      1676832936.81101,
      2023589647.7251556,
      2442053094.5486546,
      2947051702.55181,
      3556480306.223121,
      4291934260.1287785,
      5179474679.231202,
      6250551925.273976,
      7543120063.354608,
      9102981779.915228,
      10985411419.875572,
      13257113655.901108,
      15998587196.060574,
      19306977288.832455,
      23299518105.153717,
      28117686979.742252,
      33932217718.953297,
      40949150623.80419,
      49417133613.23838,
      59636233165.946365,
      71968567300.11528,
      86851137375.13521,
      104811313415.4683,
      126485521685.52959,
      152641796717.52304,
      184206996932.67163,
      222299648252.6191,
      268269579527.97272,
      323745754281.764,
      390693993705.4621,
      471486636345.73895,
      568986602901.8281,
      686648845004.2998,
      828642772854.6859,
      1000000000000.0
    ],
    "rotation_angles": [
      57582258410.647736,
      69489845681.36163,
      83859834367.43004,
      101201430959.84744,
      122129142104.51328,
      147384549899.32114,
      177862590162.44104,
      214643264853.08252,
      259029912387.49878,
      312595391974.683,
      377237818532.8131,
      455247823176.23444,
      549389722676.153,
      662999474168.4647,
      800102886174.2463,
      965558274789.3693,
      1165228620124.2153,
      1406189323428.2258,
      1696978926858.7766,
      2047901680253.1934,
      2471392676482.475,
      2982458494108.9785,
      3599208961702.978,
      4343498887106.265,
      5241702491584.967,
      6325647991265.558,
      7633745443134.245,
      9212347821288.402,
      11117393553740.572,
      13416388723745.268,
      16190799175772.234,
      19538937291391.285,
      23579445729164.293,
      28455501576309.984,
      34339889887991.645,
      41441126397193.305,
      50010846355937.01,
      60352721334488.85,
      72833219949017.52,
      87894593828539.73,
      106070548984264.92,
      128005157902784.08,
      154475682520955.34,
      186420116824026.0,
      224970425050358.97,
      271492653312274.3,
      327635336004896.75,
      395387912304103.94,
      477151222766342.0,
      575822584106477.4
    ]
  },
  "supercausal_communication": {
    "supercausal_greens_function": 0.0,
    "entanglement_entropy": {
      "real": 5.79403369104267e-11,
      "imag": -0.0
    },
    "wormhole_area_correction": {
      "real": 5.79403369104267e-23,
      "imag": 0.0
    }
  },
  "unified_score": 0.4817675375223459,
  "component_scores": {
    "reality": 0.9999999985271388,
    "consciousness": 0.9270701515622299,
    "observation": 1.4880575410283846e-14,
    "supercausal": 0.0
  }
}