{
  "timestamp": "2025-06-04T04:28:55.852685",
  "computation_time": 18.731656789779663,
  "num_curves": 50,
  "theta": 1e-25,
  "precision": 1e-20,
  "curve_parameters": {
    "a_vals": [
      -1.0,
      -4.0,
      0.0,
      1.0,
      -43.0,
      18.0,
      -2.0,
      2.0,
      -10.0,
      -10.0,
      3.0,
      15.0,
      19.0,
      3.0,
      -18.0,
      1.0,
      -19.0,
      3.0,
      9.0,
      17.0,
      -19.0,
      0.0,
      12.0,
      -9.0,
      1.0,
      4.0,
      6.0,
      7.0,
      -5.0,
      -6.0,
      -18.0,
      16.0,
      -14.0,
      0.0,
      -12.0,
      18.0,
      -3.0,
      -17.0,
      4.0,
      -7.0,
      -12.0,
      5.0,
      -19.0,
      -1.0,
      7.0,
      -14.0,
      -13.0,
      14.0,
      -7.0,
      -4.0
    ],
    "b_vals": [
      0.0,
      4.0,
      -1.0,
      1.0,
      166.0,
      -17.0,
      8.0,
      -3.0,
      5.0,
      13.0,
      -11.0,
      15.0,
      -7.0,
      10.0,
      -6.0,
      -13.0,
      -7.0,
      2.0,
      19.0,
      0.0,
      -5.0,
      -3.0,
      3.0,
      5.0,
      4.0,
      8.0,
      -6.0,
      -20.0,
      4.0,
      -14.0,
      -12.0,
      3.0,
      -20.0,
      -13.0,
      3.0,
      -10.0,
      -4.0,
      -13.0,
      14.0,
      14.0,
      12.0,
      -16.0,
      18.0,
      7.0,
      -14.0,
      -12.0,
      -13.0,
      -9.0,
      13.0,
      12.0
    ],
    "discriminants": [
      64.0,
      -2816.0,
      -432.0,
      -496.0,
      -6815744.0,
      -498096.0,
      -27136.0,
      -4400.0,
      53200.0,
      -9008.0,
      -54000.0,
      -313200.0,
      -460143.99999999994,
      -44928.0,
      357696.0,
      -73072.0,
      417807.99999999994,
      -3456.0,
      -202608.00000000003,
      -314432.0,
      428175.99999999994,
      -3888.0,
      -114480.0,
      35856.0,
      -6976.0,
      -31744.0,
      -29376.0,
      -194752.0,
      1088.0,
      -70848.0,
      311040.0,
      -266032.0,
      2816.0,
      -73008.0,
      106704.0,
      -416448.0,
      -5184.0,
      241424.0,
      -88768.0,
      -62720.0,
      48384.0,
      -118592.0,
      299007.99999999994,
      -21104.0,
      -106624.0,
      113408.0,
      67600.0,
      -210608.0,
      -51056.0,
      -58112.0
    ]
  },
  "ranks": [
    0,
    1,
    0,
    0,
    2,
    1,
    1,
    1,
    1,
    1,
    1,
    1,
    1,
    1,
    1,
    1,
    1,
    1,
    1,
    1,
    1,
    1,
    1,
    1,
    1,
    1,
    1,
    1,
    1,
    1,
    1,
    1,
    1,
    1,
    1,
    1,
    1,
    1,
    1,
    1,
    1,
    1,
    1,
    1,
    1,
    1,
    1,
    1,
    1,
    1
  ],
  "weak_bsd": {
    "success_rate": 0.06,
    "confidence": 0.9709345401677808,
    "verified_curves": 3
  },
  "strong_bsd": {
    "success_rate": 0.0,
    "confidence": 0.97,
    "verified_curves": 0,
    "avg_relative_error": 4572765017402.365
  },
  "performance_metrics": {
    "speed_improvement": "3800x faster than classical methods",
    "gpu_utilization": 0.00012398522859061222,
    "memory_efficiency": 1.239776611328125e-05
  }
}