{
  "critical_line_verification": {
    "method": "Enhanced Large-Scale Noncommutative KA + Quantum GUE",
    "gamma_count": 100,
    "spectral_analysis": [],
    "gue_correlation": {},
    "statistical_significance": 0.0,
    "critical_line_property": 0.0,
    "verification_success": false
  },
  "zero_distribution_proof": {
    "method": "Enhanced Large-Scale Random Matrix Theory",
    "gamma_count": 500,
    "density_analysis": {
      "total_zeros": 500,
      "max_height": 268.534725,
      "theoretical_count": 118.62433184466619,
      "count_error": 3.214986859986954,
      "multi_resolution_analysis": [
        {
          "n_windows": 10,
          "mean_relative_error": 3.750912598130385,
          "max_relative_error": 7.9355947581580555,
          "correlation": 0.5186793462108333
        },
        {
          "n_windows": 20,
          "mean_relative_error": 3.55755698635006,
          "max_relative_error": 10.650447913897427,
          "correlation": 0.44588124655753725
        },
        {
          "n_windows": 50,
          "mean_relative_error": 3.5764368192572755,
          "max_relative_error": 12.878559165364056,
          "correlation": 0.34908883276895664
        },
        {
          "n_windows": 100,
          "mean_relative_error": 3.5900322346953737,
          "max_relative_error": 17.078281245405297,
          "correlation": 0.24903957953792774
        }
      ],
      "overall_density_accuracy": -2.6187346596082732
    },
    "gap_distribution": {
      "mean_gap": 0.5094188376753507,
      "normalized_mean": 0.9999999999999999,
      "normalized_variance": 0.8408536740122365,
      "normalized_std": 0.9169807380813604,
      "skewness": 2.458695680177909,
      "kurtosis": 9.994045424340202,
      "theoretical_mean": 0.8862269254527579,
      "theoretical_variance": 0.21460183660255172,
      "mean_deviation": 0.11377307454724195,
      "variance_deviation": 0.6262518374096848,
      "ks_statistic": 0.21847521250348634,
      "ks_pvalue": 2.1530794089693385e-21,
      "gue_compatibility": "False",
      "anderson_darling": {
        "statistic": 28.022750322489856,
        "critical_values": [
          0.571,
          0.651,
          0.781,
          0.911,
          1.083
        ],
        "significance_levels": [
          15.0,
          10.0,
          5.0,
          2.5,
          1.0
        ]
      },
      "distribution_quality": "poor"
    },
    "pair_correlation": {
      "r_values": [
        0.05,
        0.1505050505050505,
        0.251010101010101,
        0.3515151515151515,
        0.452020202020202,
        0.5525252525252525,
        0.6530303030303031,
        0.7535353535353535,
        0.854040404040404,
        0.9545454545454546,
        1.055050505050505,
        1.1555555555555554,
        1.256060606060606,
        1.3565656565656565,
        1.457070707070707,
        1.5575757575757576,
        1.658080808080808,
        1.7585858585858585,
        1.8590909090909091,
        1.9595959595959596,
        2.0601010101010098,
        2.16060606060606,
        2.2611111111111106,
        2.3616161616161615,
        2.462121212121212,
        2.5626262626262624,
        2.663131313131313,
        2.7636363636363632,
        2.8641414141414137,
        2.9646464646464645,
        3.065151515151515,
        3.1656565656565654,
        3.266161616161616,
        3.3666666666666663,
        3.4671717171717167,
        3.567676767676767,
        3.668181818181818,
        3.7686868686868684,
        3.869191919191919,
        3.9696969696969693,
        4.07020202020202,
        4.170707070707071,
        4.271212121212121,
        4.3717171717171714,
        4.472222222222221,
        4.572727272727272,
        4.673232323232323,
        4.773737373737373,
        4.874242424242424,
        4.974747474747474,
        5.075252525252525,
        5.175757575757575,
        5.276262626262626,
        5.376767676767677,
        5.477272727272727,
        5.5777777777777775,
        5.6782828282828275,
        5.778787878787878,
        5.879292929292929,
        5.979797979797979,
        6.08030303030303,
        6.18080808080808,
        6.281313131313131,
        6.381818181818181,
        6.482323232323232,
        6.582828282828283,
        6.683333333333333,
        6.783838383838384,
        6.8843434343434335,
        6.984848484848484,
        7.085353535353534,
        7.185858585858585,
        7.286363636363636,
        7.386868686868686,
        7.487373737373737,
        7.587878787878787,
        7.688383838383838,
        7.788888888888889,
        7.889393939393939,
        7.98989898989899,
        8.09040404040404,
        8.190909090909091,
        8.291414141414142,
        8.391919191919191,
        8.492424242424242,
        8.592929292929293,
        8.693434343434344,
        8.793939393939395,
        8.894444444444444,
        8.994949494949495,
        9.095454545454546,
        9.195959595959597,
        9.296464646464647,
        9.396969696969697,
        9.497474747474747,
        9.597979797979798,
        9.69848484848485,
        9.7989898989899,
        9.89949494949495,
        10.0
      ],
      "pair_correlations": [
        0.0,
        0.0015711422845691382,
        0.0,
        0.001314629258517034,
        0.0,
        0.0016352705410821644,
        0.0,
        0.001715430861723447,
        0.0,
        0.0016993987975951904,
        0.0,
        0.0015871743486973948,
        0.001651302605210421,
        0.0,
        0.0017955911823647295,
        0.0,
        0.0015070140280561122,
        0.0,
        0.0014749498997995991,
        0.0,
        0.0014749498997995991,
        0.0,
        0.0013947895791583166,
        0.0,
        0.0012985971943887775,
        0.0014749498997995991,
        0.0,
        0.0015871743486973948,
        0.0,
        0.0014909819639278557,
        0.0,
        0.0014428857715430862,
        0.0,
        0.0015070140280561122,
        0.0,
        0.0014909819639278557,
        0.0,
        0.0014749498997995991,
        0.0015390781563126253,
        0.0,
        0.0015070140280561122,
        0.0,
        0.0015551102204408819,
        0.0,
        0.0014108216432865731,
        0.0,
        0.0016673346693386773,
        0.0,
        0.0016032064128256513,
        0.0,
        0.0015230460921843688,
        0.001715430861723447,
        0.0,
        0.0014909819639278557,
        0.0,
        0.0015871743486973948,
        0.0,
        0.0014589178356713428,
        0.0,
        0.0014749498997995991,
        0.0,
        0.0015871743486973948,
        0.0016032064128256513,
        0.0,
        0.001314629258517034,
        0.0,
        0.0014428857715430862,
        0.0,
        0.0017635270541082164,
        0.0,
        0.0016833667334669338,
        0.0,
        0.0016352705410821644,
        0.0,
        0.0014589178356713428,
        0.0012985971943887775,
        0.0,
        0.0015390781563126253,
        0.0,
        0.0014428857715430862,
        0.0,
        0.0015070140280561122,
        0.0,
        0.0016833667334669338,
        0.0,
        0.001651302605210421,
        0.0,
        0.0014589178356713428,
        0.0014909819639278557,
        0.0,
        0.0014108216432865731,
        0.0,
        0.0014909819639278557,
        0.0,
        0.0014268537074148297,
        0.0,
        0.0014909819639278557,
        0.0,
        0.0015871743486973948,
        0.0
      ],