{
  "twin_primes": {
    "twin_pairs_found": 205,
    "largest_twin_pair": [
      9929,
      9931
    ],
    "gap_analysis": {
      "mean_gap": 48.65686274509804,
      "std_gap": 42.54340231285822,
      "max_gap": "210",
      "min_gap": "2"
    },
    "spectral_analysis": {
      "eigenvalues": "[2.61710272e-04 2.65463763e-04 2.72405244e-04 2.79249182e-04\n 2.81134645e-04 2.82563456e-04 2.83532362e-04 2.88421597e-04\n 2.88946217e-04 2.95068620e-04 2.96645398e-04 2.97712007e-04\n 3.00390453e-04 3.03122974e-04 3.07017838e-04 3.07611888e-04\n 3.15755282e-04 3.20616791e-04 3.33441632e-04 3.36816751e-04\n 3.57005467e-04 3.58559856e-04 3.66429285e-04 3.68869353e-04\n 3.72163310e-04 3.76366777e-04 3.85949963e-04 3.92313306e-04\n 4.19988300e-04 4.27531235e-04 4.33089527e-04 4.41109576e-04\n 4.47031634e-04 4.67055439e-04 4.69709929e-04 4.73712029e-04\n 4.79128536e-04 4.80571396e-04 4.93336065e-04 5.00753983e-04\n 5.13074256e-04 5.17875979e-04 5.32723828e-04 5.34516269e-04\n 5.59595685e-04 5.81048193e-04 5.89277642e-04 5.99884040e-04\n 6.17641116e-04 6.22305748e-04 6.72424495e-04 6.75277848e-04\n 6.89175263e-04 7.00785842e-04 7.58122705e-04 7.68622227e-04\n 7.75794305e-04 7.83122387e-04 8.13673639e-04 8.68805309e-04\n 9.16574668e-04 9.42461259e-04 9.53311989e-04 9.69904503e-04\n 9.81424124e-04 1.13502652e-03 1.16686887e-03 1.20899551e-03\n 1.21814304e-03 1.23620358e-03 1.51733145e-03 1.56008737e-03\n 1.62070020e-03 1.66949980e-03 1.75749369e-03 1.91938111e-03\n 2.16909509e-03 2.31989382e-03 2.38697912e-03 2.88166573e-03\n 3.21528971e-03 3.55799715e-03 3.71800834e-03 4.18307734e-03\n 4.40598525e-03 5.07255251e-03 5.23744741e-03 5.58754982e-03\n 6.70848148e-03 7.30036105e-03 9.33291734e-03 9.90855449e-03\n 1.40663727e-02 1.69327491e-02 2.43088914e-02 3.42040660e-02\n 5.74321365e-02 8.44719873e-02 1.80169396e-01 3.61395924e-01]",
      "min_eigenvalue": 0.0002617102717918444,
      "max_eigenvalue": 0.3613959237316978,
      "spectral_gap": 3.753491253814811e-06,
      "trace": 0.8993428338516182,
      "determinant": 7.18802887388528e-297,
      "condition_number": 1380.900800176234
    },
    "nkat_prediction": {
      "conjecture_support": true,
      "confidence_score": 0.003753491253814811,
      "theoretical_basis": "正のスペクトルギャップは双子素数の無限性を示唆"
    }
  },
  "goldbach": {
    "tested_range": [
      4,
      200
    ],
    "total_even_numbers": 99,
    "successful_decompositions": 99,
    "failed_numbers": [],
    "decomposition_counts": {
      "4": 1,
      "6": 1,
      "8": 1,
      "10": 2,
      "12": 1,
      "14": 2,
      "16": 2,
      "18": 2,
      "20": 2,
      "22": 3,
      "24": 3,
      "26": 3,
      "28": 2,
      "30": 3,
      "32": 2,
      "34": 4,
      "36": 4,
      "38": 2,
      "40": 3,
      "42": 4,
      "44": 3,
      "46": 4,
      "48": 5,
      "50": 4,
      "52": 3,
      "54": 5,
      "56": 3,
      "58": 4,
      "60": 6,
      "62": 3,
      "64": 5,
      "66": 6,
      "68": 2,
      "70": 5,
      "72": 6,
      "74": 5,
      "76": 5,
      "78": 7,
      "80": 4,
      "82": 5,
      "84": 8,
      "86": 5,
      "88": 4,
      "90": 9,
      "92": 4,
      "94": 5,
      "96": 7,
      "98": 3,
      "100": 6,
      "102": 8,
      "104": 5,
      "106": 6,
      "108": 8,
      "110": 6,
      "112": 7,
      "114": 10,
      "116": 6,
      "118": 6,
      "120": 12,
      "122": 4,
      "124": 5,
      "126": 10,
      "128": 3,
      "130": 7,
      "132": 9,
      "134": 6,
      "136": 5,
      "138": 8,
      "140": 7,
      "142": 8,
      "144": 11,
      "146": 6,
      "148": 5,
      "150": 12,
      "152": 4,
      "154": 8,
      "156": 11,
      "158": 5,
      "160": 8,
      "162": 10,
      "164": 5,
      "166": 6,
      "168": 13,
      "170": 9,
      "172": 6,
      "174": 11,
      "176": 7,
      "178": 7,
      "180": 14,
      "182": 6,
      "184": 8,
      "186": 13,
      "188": 5,
      "190": 8,
      "192": 11,
      "194": 7,
      "196": 9,
      "198": 13,
      "200": 8
    },
    "spectral_analysis": {
      "min_eigenvalues": [
        2.081368981005613,
        0.8285354496902362,
        0.5655634303097993,
        0.2140456252038838,
        0.3193029929266447,
        0.15390566508846387,
        0.15245151172729096,
        0.10856817629839727,
        0.12540993555956584,
        0.09334833347657982,
        0.0832872293692452,
        0.08049824729128653,
        0.08625701631421118,
        0.07133120390437411,
        0.09376997345036596,
        0.06769401641768241,
        0.0652646709457784,
        0.07031127705306386,
        0.06461665596411664,
        0.06187057409142731,
        0.06987680557314131,
        0.05897057132262648,
        0.05870130782846003,
        0.059618735693242275,
        0.05950383674372022,
        0.0563076091276549,
        0.05856077377693084,
        0.055071037700734175,
        0.03295191488593443,
        0.05382008910222487,
        0.054501080526842965,
        0.035914010531969916,
        0.05899936615664063,
        0.051562343393952936,
        0.0360044448224734,
        0.04984526158285987,
        0.05072252606266607,
        0.03162352173460142,
        0.050122323175695406,
        0.04859343377440999,
        0.029377007475192733,
        0.04905105214240325,
        0.04780717390107374,
        0.02565574529052377,
        0.049418470583701975,
        0.04627509914808284,
        0.03099465030173812,
        0.04677176498537362,
        0.03870369281578338,
        0.030048569088754255,
        0.04541726475014537,
        0.038735084843505574,
        0.03133155396357566,
        0.03882983250622286,
        0.034656881662524466,
        0.023880005227716924,
        0.038986536718442176,
        0.03607411140944498,
        0.02126124966614329,
        0.04318861430745548,
        0.04320898655134883,
        0.02354319254157809,
        0.04340012515916345,
        0.032292458297569035,
        0.0282352551898942,
        0.03724577244054006,
        0.04213952907984174,
        0.030748733700310928,
        0.03242876569057162,
        0.03194799114417204,
        0.024338362190676515,
        0.034263537801698,
        0.04117790341835536,
        0.02301940298846795,
        0.04097273961774395,
        0.03181550845218444,
        0.024831277654928183,
        0.03992825434099138,
        0.030879093008991807,
        0.025966593223001662,
        0.0397185158665854,
        0.03596436257487202,
        0.022392751652025162,
        0.029962650167283437,
        0.03437093089312207,
        0.025025320996897915,
        0.032301330177541096,
        0.03200140204054605,
        0.0219162734008023,
        0.03549896902956857,
        0.032046655603947136,
        0.023165272665079548,
        0.03835225724947969,
        0.030319199434429903,
        0.025233199536286277,
        0.03214524139390016,
        0.029815555951119118,
        0.023465184737505213,
        0.031071999985796128
      ]
    },
    "nkat_prediction": {
      "conjecture_support": "True",
      "success_rate": 1.0,
      "confidence_score": 1.0,
      "theoretical_basis": "全ての偶数で正のスペクトル特性が確認されればゴールドバッハ予想を支持"
    }
  },
  "bsd": {
    "tested_curves": 20,
    "curve_analysis": [
      {
        "curve": {
          "a": -5,
          "b": -5
        },
        "spectral_properties": {
          "eigenvalues": "[-0.00729283  0.07090442  0.0828471   0.09479279  0.10900278  0.12891681\n  0.16105293  0.22131499  0.37106978  1.16381979]",
          "min_eigenvalue": -0.0072928297245078615,
          "max_eigenvalue": 1.1638197881623817,
          "spectral_gap": 0.0781972545277809,
          "trace": 2.3964285714285714,
          "determinant": -8.783951923896621e-10,
          "condition_number": 159.58411647146124
        },
        "predicted_rank": 0
      },
      {
        "curve": {
          "a": -5,
          "b": -4
        },