{
  "critical_line_verification": {
    "method": "Rigorous Noncommutative KA + Quantum GUE",
    "gamma_values": [
      14.134725141734695,
      21.022039638771556,
      25.01085758014569,
      30.424876125859512,
      32.93506158773919,
      37.586178158825675,
      40.9187190121475,
      43.327073280915,
      48.00515088116716,
      49.7738324776723,
      52.970321477714464,
      56.44624769706325,
      59.3470440032339,
      60.83177852428605,
      65.11254404808165
    ],
    "spectral_analysis": [
      {
        "gamma": 14.134725141734695,
        "spectral_dimension": 0.0046364725567400455,
        "real_part": 0.0023182362783700228,
        "convergence_to_half": 0.49768176372163,
        "level_spacing_stats": {
          "mean_spacing": 0.00162128124294971,
          "normalized_mean": 1.0,
          "normalized_variance": 164.316926228683,
          "theoretical_mean": 0.8862269254527579,
          "theoretical_variance": 0.21460183660255172,
          "wigner_dyson_deviation": 0.11377307454724206,
          "variance_deviation": 164.10232439208045
        },
        "gue_statistical_distance": 163.95934110064755,
        "eigenvalue_count": 1024
      },
      {
        "gamma": 21.022039638771556,
        "spectral_dimension": 0.004450589418411255,
        "real_part": 0.0022252947092056274,
        "convergence_to_half": 0.4977747052907944,
        "level_spacing_stats": {
          "mean_spacing": 0.0013461722144117365,
          "normalized_mean": 1.0000000000000002,
          "normalized_variance": 198.3907174234826,
          "theoretical_mean": 0.8862269254527579,
          "theoretical_variance": 0.21460183660255172,
          "wigner_dyson_deviation": 0.11377307454724228,
          "variance_deviation": 198.17611558688006
        },
        "gue_statistical_distance": 198.06274985608727,
        "eigenvalue_count": 1024
      },
      {
        "gamma": 25.01085758014569,
        "spectral_dimension": 0.004482037853449583,
        "real_part": 0.0022410189267247915,
        "convergence_to_half": 0.4977589810732752,
        "level_spacing_stats": {
          "mean_spacing": 0.0014630533784749295,
          "normalized_mean": 1.0,
          "normalized_variance": 249.7879218226971,
          "theoretical_mean": 0.8862269254527579,
          "theoretical_variance": 0.21460183660255172,
          "wigner_dyson_deviation": 0.11377307454724206,
          "variance_deviation": 249.57331998609453
        },
        "gue_statistical_distance": 249.41336691982895,
        "eigenvalue_count": 1024
      },
      {
        "gamma": 30.424876125859512,
        "spectral_dimension": 0.004493173211812973,
        "real_part": 0.0022465866059064865,
        "convergence_to_half": 0.4977534133940935,
        "level_spacing_stats": {
          "mean_spacing": 0.0014059702140013243,
          "normalized_mean": 1.0,
          "normalized_variance": 240.43225590846922,
          "theoretical_mean": 0.8862269254527579,
          "theoretical_variance": 0.21460183660255172,
          "wigner_dyson_deviation": 0.11377307454724206,
          "variance_deviation": 240.21765407186666
        },
        "gue_statistical_distance": 240.0699676125103,
        "eigenvalue_count": 1024
      },
      {
        "gamma": 32.93506158773919,
        "spectral_dimension": 0.00441516051068902,
        "real_part": 0.00220758025534451,
        "convergence_to_half": 0.4977924197446555,
        "level_spacing_stats": {
          "mean_spacing": 0.0014400577946512832,
          "normalized_mean": 1.0000000000000002,
          "normalized_variance": 249.84912006855387,
          "theoretical_mean": 0.8862269254527579,
          "theoretical_variance": 0.21460183660255172,
          "wigner_dyson_deviation": 0.11377307454724228,
          "variance_deviation": 249.63451823195132
        },
        "gue_statistical_distance": 249.49735990530075,
        "eigenvalue_count": 1024
      },
      {
        "gamma": 37.586178158825675,
        "spectral_dimension": 0.004394554067403078,
        "real_part": 0.002197277033701539,
        "convergence_to_half": 0.49780272296629846,
        "level_spacing_stats": {
          "mean_spacing": 0.0014852268318973126,
          "normalized_mean": 1.0,
          "normalized_variance": 181.6306636856516,
          "theoretical_mean": 0.8862269254527579,
          "theoretical_variance": 0.21460183660255172,
          "wigner_dyson_deviation": 0.11377307454724206,
          "variance_deviation": 181.41606184904904
        },
        "gue_statistical_distance": 181.2730679645348,
        "eigenvalue_count": 1024
      },
      {
        "gamma": 40.9187190121475,
        "spectral_dimension": 0.004527176730334759,
        "real_part": 0.0022635883651673794,
        "convergence_to_half": 0.4977364116348326,
        "level_spacing_stats": {
          "mean_spacing": 0.0016660294821848227,
          "normalized_mean": 0.9999999999999999,
          "normalized_variance": 135.37465561242533,
          "theoretical_mean": 0.8862269254527579,
          "theoretical_variance": 0.21460183660255172,
          "wigner_dyson_deviation": 0.11377307454724195,
          "variance_deviation": 135.16005377582277
        },
        "gue_statistical_distance": 134.98208184410262,
        "eigenvalue_count": 1024
      },
      {
        "gamma": 43.327073280915,
        "spectral_dimension": 0.004522532690316439,
        "real_part": 0.0022612663451582193,
        "convergence_to_half": 0.4977387336548418,
        "level_spacing_stats": {
          "mean_spacing": 0.0014792093445731111,
          "normalized_mean": 1.0000000000000002,
          "normalized_variance": 200.70569822937446,
          "theoretical_mean": 0.8862269254527579,
          "theoretical_variance": 0.21460183660255172,
          "wigner_dyson_deviation": 0.11377307454724228,
          "variance_deviation": 200.4910963927719
        },
        "gue_statistical_distance": 200.37244858992193,
        "eigenvalue_count": 1024
      },
      {
        "gamma": 48.00515088116716,
        "spectral_dimension": 0.004421509336680174,
        "real_part": 0.002210754668340087,
        "convergence_to_half": 0.4977892453316599,
        "level_spacing_stats": {
          "mean_spacing": 0.0014205731610234902,
          "normalized_mean": 1.0000000000000002,
          "normalized_variance": 260.51468159106224,
          "theoretical_mean": 0.8862269254527579,
          "theoretical_variance": 0.21460183660255172,
          "wigner_dyson_deviation": 0.11377307454724228,
          "variance_deviation": 260.3000797544597
        },
        "gue_statistical_distance": 260.12480496066144,
        "eigenvalue_count": 1024
      },
      {
        "gamma": 49.7738324776723,
        "spectral_dimension": 0.004506010562181473,
        "real_part": 0.0022530052810907364,
        "convergence_to_half": 0.49774699471890926,
        "level_spacing_stats": {
          "mean_spacing": 0.0016676063677327165,
          "normalized_mean": 1.0,
          "normalized_variance": 150.6217575842841,
          "theoretical_mean": 0.8862269254527579,
          "theoretical_variance": 0.21460183660255172,
          "wigner_dyson_deviation": 0.11377307454724206,
          "variance_deviation": 150.40715574768154
        },
        "gue_statistical_distance": 150.25895857293204,
        "eigenvalue_count": 1024
      },
      {
        "gamma": 52.970321477714464,
        "spectral_dimension": 0.004460300784558058,
        "real_part": 0.002230150392279029,
        "convergence_to_half": 0.49776984960772097,
        "level_spacing_stats": {
          "mean_spacing": 0.001374981242339251,
          "normalized_mean": 1.0000000000000002,
          "normalized_variance": 203.55358779114454,
          "theoretical_mean": 0.8862269254527579,
          "theoretical_variance": 0.21460183660255172,
          "wigner_dyson_deviation": 0.11377307454724228,