{
  "gamma_values": [
    14.134725,
    21.02204,
    25.010858,
    30.424876,
    32.935062
  ],
  "spectral_dimensions_all": [
    [
      0.005645668134093285,
      0.005645668134093285,
      0.005645668134093285,
      0.005645668134093285,
      0.005645668134093285
    ],
    [
      0.005645668134093285,
      0.005645668134093285,
      0.005645668134093285,
      0.005645668134093285,
      0.005645668134093285
    ],
    [
      0.005645668134093285,
      0.005645668134093285,
      0.005645668134093285,
      0.005645668134093285,
      0.005645668134093285
    ]
  ],
  "real_parts_all": [
    [
      0.0028228340670466423,
      0.0028228340670466423,
      0.0028228340670466423,
      0.0028228340670466423,
      0.0028228340670466423
    ],
    [
      0.0028228340670466423,
      0.0028228340670466423,
      0.0028228340670466423,
      0.0028228340670466423,
      0.0028228340670466423
    ],
    [
      0.0028228340670466423,
      0.0028228340670466423,
      0.0028228340670466423,
      0.0028228340670466423,
      0.0028228340670466423
    ]
  ],
  "convergence_to_half_all": [
    [
      0.49717716593295336,
      0.49717716593295336,
      0.49717716593295336,
      0.49717716593295336,
      0.49717716593295336
    ],
    [
      0.49717716593295336,
      0.49717716593295336,
      0.49717716593295336,
      0.49717716593295336,
      0.49717716593295336
    ],
    [
      0.49717716593295336,
      0.49717716593295336,
      0.49717716593295336,
      0.49717716593295336,
      0.49717716593295336
    ]
  ],
  "statistics": {
    "spectral_dimension_mean": [
      0.005645668134093285,
      0.005645668134093285,
      0.005645668134093285,
      0.005645668134093285,
      0.005645668134093285
    ],
    "spectral_dimension_std": [
      0.0,
      0.0,
      0.0,
      0.0,
      0.0
    ],
    "real_part_mean": [
      0.0028228340670466423,
      0.0028228340670466423,
      0.0028228340670466423,
      0.0028228340670466423,
      0.0028228340670466423
    ],
    "real_part_std": [
      0.0,
      0.0,
      0.0,
      0.0,
      0.0
    ],
    "convergence_mean": [
      0.49717716593295336,
      0.49717716593295336,
      0.49717716593295336,
      0.49717716593295336,
      0.49717716593295336
    ],
    "convergence_std": [
      0.0,
      0.0,
      0.0,
      0.0,
      0.0
    ]
  },
  "overall_statistics": {
    "mean_convergence": 0.49717716593295336,
    "std_convergence": 0.0,
    "min_convergence": 0.49717716593295336,
    "max_convergence": 0.49717716593295336,
    "success_rate": 0.0
  }
}