{
  "eigenvalues": [
    2.8824567794799805,
    3.126372814178467,
    4.202944755554199,
    5.700192451477051,
    7.677605152130127,
    10.182181358337402,
    13.195734024047852,
    16.67786979675293,
    20.570146560668945,
    24.81575584411621,
    29.386274337768555,
    34.28685760498047,
    39.518741607666016,
    45.0045051574707,
    50.5409049987793,
    55.11992263793945
  ],
  "condition_number": 19.122549057006836,
  "rank": 16,
  "spectral_radius": 55.11992263793945,
  "kappa_parameter": 0.1,
  "theta_parameter": 0.05
}