{
  "timestamp": "2025-05-31T09:11:32.893695",
  "parameters": {
    "theta": 1e-15,
    "kappa": 1e-12,
    "gauge_group": "SU(3)",
    "n_colors": 3,
    "coupling_constant": 0.3,
    "lambda_qcd": 0.2,
    "gamma_sc": 0.23422,
    "delta_sc": 0.03511,
    "t_critical": 17.2644,
    "alpha_sc": 0.7422,
    "ka_dimension": 512,
    "fourier_modes": 128,
    "lattice_size": 16,
    "max_iterations": 5000,
    "tolerance": 1e-10,
    "precision": "complex128"
  },
  "ka_representation_solution": {
    "eigenvalues": "[0.04419417 0.0442374  0.04428074 0.04432422 0.04436783 0.04441156\n 0.04445542 0.04449942 0.04454354 0.0445878  0.04463218 0.04467671\n 0.04472136 0.04476615 0.04481107 0.04485613 0.04490133 0.04494666\n 0.04499213 0.04503773 0.04508348 0.04512937 0.0451754  0.04522156\n 0.04526787 0.04531433 0.04536092 0.04540766 0.04545455 0.04550158\n 0.04554875 0.04559608 0.04564355 0.04569117 0.04573894 0.04578685\n 0.04583492 0.04588315 0.04593152 0.04598005 0.04602873 0.04607757\n 0.04612656 0.04617571 0.04622502 0.04627448 0.04632411 0.04637389\n 0.04642383 0.04647394 0.04652421 0.04657464 0.04662524 0.046676\n 0.04672693 0.04677803 0.04682929 0.04688072 0.04693233 0.0469841\n 0.04703604 0.04708816 0.04714045 0.04719292 0.04724556 0.04729838\n 0.04735137 0.04740455 0.0474579  0.04751143 0.04756515 0.04761905\n 0.04767313 0.0477274  0.04778185 0.04783649 0.04789131 0.04794633\n 0.04800154 0.04805693 0.04811252 0.04816831 0.04822428 0.04828045\n 0.04833682 0.04839339 0.04845016 0.04850713 0.04856429 0.04862166\n 0.04867924 0.04873702 0.048795   0.0488532  0.0489116  0.04897021\n 0.04902903 0.04908807 0.04914732 0.04920678 0.04926646 0.04932636\n 0.04938648 0.04944682 0.04950738 0.04956816 0.04962917 0.0496904\n 0.04975186 0.04981355 0.04987547 0.04993762 0.05       0.05006262\n 0.05012547 0.05018856 0.05025189 0.05031546 0.05037927 0.05044333\n 0.05050763 0.05057217 0.05063697 0.05070201 0.05076731 0.05083286\n 0.05089866 0.05096472 0.05103104 0.05109761 0.05116445 0.05123155\n 0.05129892 0.05136655 0.05143445 0.05150262 0.05157106 0.05163978\n 0.05170877 0.05177804 0.05184758 0.05191741 0.05198752 0.05205792\n 0.0521286  0.05219958 0.05227084 0.05234239 0.05241424 0.05248639\n 0.05255883 0.05263158 0.05270463 0.05277798 0.05285164 0.05292561\n 0.05299989 0.05307449 0.0531494  0.05322463 0.05330018 0.05337605\n 0.05345225 0.05352877 0.05360563 0.05368281 0.05376033 0.05383819\n 0.05391639 0.05399492 0.05407381 0.05415304 0.05423261 0.05431254\n 0.05439283 0.05447347 0.05455447 0.05463584 0.05471757 0.05479966\n 0.05488213 0.05496497 0.05504819 0.05513178 0.05521576 0.05530013\n 0.05538488 0.05547002 0.05555556 0.05564149 0.05572782 0.05581456\n 0.0559017  0.05598925 0.05607722 0.0561656  0.0562544  0.05634362\n 0.05643326 0.05652334 0.05661385 0.0567048  0.05679618 0.05688801\n 0.05698029 0.05707301 0.0571662  0.05725983 0.05735393 0.0574485\n 0.05754353 0.05763904 0.05773503 0.05783149 0.05792844 0.05802589\n 0.05812382 0.05822225 0.05832118 0.05842062 0.05852057 0.05862104\n 0.05872202 0.05882353 0.05892557 0.05902813 0.05913124 0.05923489\n 0.05933908 0.05944383 0.05954913 0.059655   0.05976143 0.05986843\n 0.05997601 0.06008418 0.06019293 0.06030227 0.06041221 0.06052275\n 0.06063391 0.06074567 0.06085806 0.06097108 0.06108472 0.06119901\n 0.06131393 0.06142951 0.06154575 0.06166264 0.06178021 0.06189845\n 0.06201737 0.06213698 0.06225728 0.06237829 0.0625     0.06262243\n 0.06274558 0.06286946 0.06299408 0.06311944 0.06324555 0.06337243\n 0.06350006 0.06362848 0.06375767 0.06388766 0.06401844 0.06415003\n 0.06428243 0.06441566 0.06454972 0.06468462 0.06482037 0.06495698\n 0.06509446 0.06523281 0.06537205 0.06551218 0.06565322 0.06579517\n 0.06593805 0.06608186 0.06622662 0.06637233 0.06651901 0.06666667\n 0.06681531 0.06696495 0.06711561 0.06726728 0.06741999 0.06757374\n 0.06772855 0.06788442 0.06804138 0.06819943 0.06835859 0.06851887\n 0.06868028 0.06884284 0.06900656 0.06917145 0.06933752 0.0695048\n 0.0696733  0.06984303 0.070014   0.07018624 0.07035975 0.07053456\n 0.07071068 0.07088812 0.07106691 0.07124705 0.07142857 0.07161149\n 0.07179582 0.07198158 0.07216878 0.07235746 0.07254763 0.0727393\n 0.0729325  0.07312724 0.07332356 0.07352146 0.07372098 0.07392213\n 0.07412493 0.07432941 0.0745356  0.07474351 0.07495317 0.0751646\n 0.07537784 0.07559289 0.0758098  0.07602859 0.07624929 0.07647191\n 0.0766965  0.07692308 0.07715167 0.07738232 0.07761505 0.07784989\n 0.07808688 0.07832604 0.07856742 0.07881104 0.07905694 0.07930516\n 0.07955573 0.07980869 0.08006408 0.08032193 0.0805823  0.08084521\n 0.08111071 0.08137885 0.08164966 0.08192319 0.08219949 0.08247861\n 0.08276059 0.08304548 0.08333333 0.0836242  0.08391814 0.08421519\n 0.08451543 0.08481889 0.08512565 0.08543577 0.08574929 0.0860663\n 0.08638684 0.086711   0.08703883 0.08737041 0.0877058  0.08804509\n 0.08838835 0.08873565 0.08908708 0.08944272 0.08980265 0.09016696\n 0.09053575 0.09090909 0.09128709 0.09166985 0.09205746 0.09245003\n 0.09284767 0.09325048 0.09365858 0.09407209 0.09449112 0.0949158\n 0.09534626 0.09578263 0.09622504 0.09667365 0.09712859 0.09759001\n 0.09805807 0.09853293 0.09901475 0.09950372 0.1        0.10050378\n 0.10101525 0.10153462 0.10206207 0.10259784 0.10314212 0.10369517\n 0.10425721 0.10482848 0.10540926 0.10599979 0.10660036 0.10721125\n 0.10783277 0.10846523 0.10910895 0.10976426 0.11043153 0.11111111\n 0.1118034  0.11250879 0.1132277  0.11396058 0.11470787 0.11547005\n 0.11624764 0.11704115 0.11785113 0.11867817 0.11952286 0.12038585\n 0.12126781 0.12216944 0.12309149 0.12403473 0.125      0.12598816\n 0.12700013 0.12803688 0.12909944 0.13018891 0.13130643 0.13245324\n 0.13363062 0.13483997 0.13608276 0.13736056 0.13867505 0.14002801\n 0.14142136 0.14285714 0.14433757 0.14586499 0.14744196 0.1490712\n 0.15075567 0.15249857 0.15430335 0.15617376 0.15811388 0.16012815\n 0.16222142 0.16439899 0.16666667 0.16903085 0.17149859 0.17407766\n 0.1767767  0.1796053  0.18257419 0.18569534 0.18898224 0.19245009\n 0.19611614 0.2        0.20412415 0.20851441 0.21320072 0.21821789\n 0.2236068  0.22941573 0.23570226 0.24253563 0.25       0.25819889\n 0.26726124 0.2773501  0.28867513 0.30151134 0.31622777 0.33333333\n 0.35355339 0.37796447 0.40824829 0.4472136  0.5        0.57735027\n 0.70710678 1.        ]",
    "eigenvectors": "[[ 0.00000000e+00+0.j  0.00000000e+00+0.j  0.00000000e+00+0.j ...\n   1.93111593e-15+0.j  8.55621065e-15+0.j  1.00000000e+00+0.j]\n [ 0.00000000e+00+0.j  0.00000000e+00+0.j  0.00000000e+00+0.j ...\n   1.67088565e-14+0.j -1.00000000e+00+0.j  8.55621065e-15+0.j]\n [ 0.00000000e+00+0.j  0.00000000e+00+0.j  0.00000000e+00+0.j ...\n  -1.00000000e+00+0.j -1.67088565e-14+0.j  1.93111593e-15+0.j]\n ...\n [-9.45739460e-12+0.j  2.28099206e-11+0.j -1.00000000e+00+0.j ...\n   0.00000000e+00+0.j  0.00000000e+00+0.j  0.00000000e+00+0.j]\n [-2.29804352e-11+0.j -1.00000000e+00+0.j -2.28094488e-11+0.j ...\n   0.00000000e+00+0.j  0.00000000e+00+0.j  0.00000000e+00+0.j]\n [ 1.00000000e+00+0.j -2.29804352e-11+0.j -9.45739468e-12+0.j ...\n   0.00000000e+00+0.j  0.00000000e+00+0.j  0.00000000e+00+0.j]]",
    "spectral_gap": 0.0441941738241592,
    "spectral_radius": 1.0,
    "noncommutative_correction": "0j",
    "ka_dimension": 512,
    "convergence_verified": true
  },