{
  "timestamp": "20250526_040805",
  "current_index": 100,
  "partial_results": {
    "gamma_values": [
      14.085197039124576,
      16.63475155834038,
      19.10809728329299,
      21.05812705731263,
      21.497553735256233,
      23.439755665573013,
      24.22420825434974,
      25.013413407103158,
      26.088056686694795,
      26.553040131256193,
      27.542331502946134,
      28.52191219957902,
      29.264046327960425,
      30.042840501608023,
      30.271844018075175,
      30.989841446987512,
      31.581246247494526,
      32.438997126364185,
      32.814915729433345,
      32.99980906155063,
      33.4449793268049,
      34.146258384182765,
      34.96671466854287,
      35.42736604127897,
      35.505644812197346,
      36.08640563303227,
      36.536383274073714,
      37.48822481399216,
      37.54585753947595,
      37.76330530655585,
      37.90851021652388,
      38.37108545160633,
      39.098143679321396,
      40.10639828629436,
      40.23577531730176,
      40.29549264638032,
      40.348319138015846,
      41.07456270455752,
      41.268304991087774,
      41.74158958177229,
      42.50913132541316,
      42.64871590395923,
      42.940398564735155,
      42.99986127805825,
      43.330735705752495,
      43.4661210714296,
      43.484629350832485,
      44.16189066187018,
      45.022499560270845,
      45.08165385767746,
      45.367538194844734,
      45.37531786488876,
      45.73996928720071,
      45.930006654249055,
      46.0108623308175,
      46.61319773737823,
      47.37754389104174,
      47.58671641772723,
      47.94774887404236,
      47.997481219535864,
      48.20303370367888,
      48.22205404455062,
      48.431394096305866,
      48.52341449503184,
      49.07008289154909,
      49.85521859003329,
      50.013309730047695,
      50.03500666217438,
      50.34983595767189,
      50.37645160857949,
      50.40956590291057,
      50.87419004760423,
      50.8819771578872,
      50.90771047356507,
      51.64842675061608,
      52.39048795300703,
      52.3934937296874,
      52.61974187401187,
      52.822219752372675,
      52.939128826088236,
      53.05426029237568,
      53.28767618466085,
      53.353515637581054,
      53.56546197101819,
      54.24622983118793,
      54.571040781363415,
      54.919842783644874,
      55.05324594275555,
      55.35450520825615,
      55.39175092696631,
      55.39611392838504,
      55.78456078353249,
      55.90972429052946,
      56.032656637724614,
      56.670642105502615,
      57.33860175924464,
      57.490808630841805,
      57.636396210988885,
      57.893129407616485,
      57.97951568569811
    ],
    "spectral_dimensions": [
      0.0008592679514549673,
      0.001320401905104518,
      0.0013578837970271707,
      0.0008638422004878521,
      0.001141353277489543,
      0.0011296086013317108,
      0.0011678322916850448,
      0.001061796909198165,
      0.001102318987250328,
      0.0013092480367049575,
      0.0015844739973545074,
      0.00138746271841228,
      0.0010057524777948856,
      0.001046526595018804,
      0.0009576707379892468,
      0.0011598743731155992,
      0.001075381995178759,
      0.001152163720689714,
      0.0009348317398689687,
      0.0009138471214100718,
      0.0010505100945010781,
      0.0010525430552661419,
      0.0014503889251500368,
      0.0014660484157502651,
      0.001492861658334732,
      0.0014131360221654177,
      0.0011169984936714172,
      0.0009221942164003849,
      0.0009149780380539596,
      0.0009595433948561549,
      0.0010421995539218187,
      0.0012453923700377345,
      0.0013180529931560159,
      0.0010398781159892678,
      0.001034163753502071,
      0.0010375292040407658,
      0.0010421216720715165,
      0.000945765757933259,
      0.0009789025643840432,
      0.0012100121239200234,
      0.0011382624506950378,
      0.0011534366058185697,
      0.001147845876403153,
      0.0011308357352390885,
      0.0009617870091460645,
      0.0009055549162440002,
      0.0009003534214571118,
      0.001095226383768022,
      0.0014712864067405462,
      0.0015165935037657619,
      0.0016623270930722356,
      0.0016638105735182762,
      0.001601749798282981,
      0.001538416021503508,
      0.0015177932800725102,
      0.001294339424930513,
      0.0009298865916207433,
      0.0009785224683582783,
      0.0010024741059169173,
      0.00099909957498312,
      0.0009953816188499331,
      0.0009971215622499585,
      0.001045908429659903,
      0.0010805652709677815,
      0.0011424841359257698,
      0.000995683716610074,
      0.0010170208988711238,
      0.0010188844753429294,
      0.0010118193458765745,
      0.0010104593820869923,
      0.0010095665929839015,
      0.001151211210526526,
      0.001156289130449295,
      0.0011726812226697803,
      0.0013454570434987545,
      0.0012136520817875862,
      0.001212777686305344,
      0.0011044207494705915,
      0.0009872220689430833,
      0.0009385863086208701,
      0.0009191035060212016,
      0.0009733575279824436,
      0.0010061324574053288,
      0.001125272479839623,
      0.0013493808219209313,
      0.0015028250636532903,
      0.0015312000177800655,
      0.0014686263166368008,
      0.0012678877683356404,
      0.001245305291377008,
      0.0012426907196640968,
      0.001105780596844852,
      0.0010790907545015216,
      0.0010474376613274217,
      0.000986384111456573,
      0.0013169128214940429,
      0.0013103332603350282,
      0.0012878560228273273,
      0.0012610608246177435,
      0.0012592064449563622
    ],