{
  "gamma_values": [
    14.134725,
    21.02204,
    25.010858,
    30.424876,
    32.935062
  ],
  "spectral_dimensions_all": [
    [
      0.008601081306207826,
      0.008245672515864255,
      0.007919850662352991,
      0.008586511721151869,
      0.008488045714083335
    ],
    [
      0.008601081306207826,
      0.008245672515864255,
      0.007919850662352991,
      0.008586511721151869,
      0.008488045714083335
    ],
    [
      0.008601081306207826,
      0.008245672515864255,
      0.007919850662352991,
      0.008586511721151869,
      0.008488045714083335
    ],
    [
      0.008601081306207826,
      0.008245672515864255,
      0.007919850662352991,
      0.008586511721151869,
      0.008488045714083335
    ],
    [
      0.008601081306207826,
      0.008245672515864255,
      0.007919850662352991,
      0.008586511721151869,
      0.008488045714083335
    ],
    [
      0.008601081306207826,
      0.008245672515864255,
      0.007919850662352991,
      0.008586511721151869,
      0.008488045714083335
    ],
    [
      0.008601081306207826,
      0.008245672515864255,
      0.007919850662352991,
      0.008586511721151869,
      0.008488045714083335
    ]
  ],
  "real_parts_all": [
    [
      0.004300540653103913,
      0.004122836257932127,
      0.0039599253311764955,
      0.0042932558605759345,
      0.004244022857041668
    ],
    [
      0.004300540653103913,
      0.004122836257932127,
      0.0039599253311764955,
      0.0042932558605759345,
      0.004244022857041668
    ],
    [
      0.004300540653103913,
      0.004122836257932127,
      0.0039599253311764955,
      0.0042932558605759345,
      0.004244022857041668
    ],
    [
      0.004300540653103913,
      0.004122836257932127,
      0.0039599253311764955,
      0.0042932558605759345,
      0.004244022857041668
    ],
    [
      0.004300540653103913,
      0.004122836257932127,
      0.0039599253311764955,
      0.0042932558605759345,
      0.004244022857041668
    ],
    [
      0.004300540653103913,
      0.004122836257932127,
      0.0039599253311764955,
      0.0042932558605759345,
      0.004244022857041668
    ],
    [
      0.004300540653103913,
      0.004122836257932127,
      0.0039599253311764955,
      0.0042932558605759345,
      0.004244022857041668
    ]
  ],
  "convergence_to_half_all": [
    [
      0.4956994593468961,
      0.49587716374206786,
      0.4960400746688235,
      0.49570674413942406,
      0.4957559771429583
    ],
    [
      0.4956994593468961,
      0.49587716374206786,
      0.4960400746688235,
      0.49570674413942406,
      0.4957559771429583
    ],
    [
      0.4956994593468961,
      0.49587716374206786,
      0.4960400746688235,
      0.49570674413942406,
      0.4957559771429583
    ],
    [
      0.4956994593468961,
      0.49587716374206786,
      0.4960400746688235,
      0.49570674413942406,
      0.4957559771429583
    ],
    [
      0.4956994593468961,
      0.49587716374206786,
      0.4960400746688235,
      0.49570674413942406,
      0.4957559771429583
    ],
    [
      0.4956994593468961,
      0.49587716374206786,
      0.4960400746688235,
      0.49570674413942406,
      0.4957559771429583
    ],
    [
      0.4956994593468961,
      0.49587716374206786,
      0.4960400746688235,
      0.49570674413942406,
      0.4957559771429583
    ]
  ],
  "mathematical_analysis": {
    "spectral_dimension_stats": {
      "mean": [
        0.008601081306207826,
        0.008245672515864255,
        0.007919850662352991,
        0.008586511721151867,
        0.008488045714083335
      ],
      "std": [
        0.0,
        0.0,
        0.0,
        1.734723475976807e-18,
        0.0
      ],
      "median": [
        0.008601081306207826,
        0.008245672515864255,
        0.007919850662352991,
        0.008586511721151869,
        0.008488045714083335
      ],
      "q25": [
        0.008601081306207826,
        0.008245672515864255,
        0.007919850662352991,
        0.008586511721151869,
        0.008488045714083335
      ],
      "q75": [
        0.008601081306207826,
        0.008245672515864255,
        0.007919850662352991,
        0.008586511721151869,
        0.008488045714083335
      ]
    },
    "real_part_stats": {
      "mean": [
        0.004300540653103913,
        0.004122836257932127,
        0.0039599253311764955,
        0.004293255860575934,
        0.004244022857041668
      ],
      "std": [
        0.0,
        0.0,
        0.0,
        8.673617379884035e-19,
        0.0
      ],
      "median": [
        0.004300540653103913,
        0.004122836257932127,
        0.0039599253311764955,
        0.0042932558605759345,
        0.004244022857041668
      ]
    },
    "convergence_stats": {
      "mean": [
        0.49569945934689613,
        0.4958771637420679,
        0.49604007466882344,
        0.49570674413942406,
        0.4957559771429584
      ],
      "std": [
        5.551115123125783e-17,
        5.551115123125783e-17,
        5.551115123125783e-17,
        0.0,
        5.551115123125783e-17
      ],
      "median": [
        0.4956994593468961,
        0.49587716374206786,
        0.4960400746688235,
        0.49570674413942406,
        0.4957559771429583
      ],
      "min": [
        0.4956994593468961,
        0.49587716374206786,
        0.4960400746688235,
        0.49570674413942406,
        0.4957559771429583
      ],
      "max": [
        0.4956994593468961,
        0.49587716374206786,
        0.4960400746688235,
        0.49570674413942406,
        0.4957559771429583
      ]
    },
    "overall_statistics": {
      "mean_convergence": 0.495815883808034,
      "median_convergence": 0.4957559771429583,
      "std_convergence": 0.00012889662781683702,
      "min_convergence": 0.4956994593468961,
      "max_convergence": 0.4960400746688235,
      "success_rate_ultra_strict": 0.0,
      "success_rate_very_strict": 0.0,
      "success_rate_strict": 0.0,
      "success_rate_moderate": 0.0
    }
  },
  "error_analysis": {
    "systematic_errors": [],
    "random_errors": [],
    "gamma_dependence": {
      "gamma_14.134725": {
        "mean_error": 0.49569945934689613,
        "std_error": 5.551115123125783e-17,
        "relative_error": 99.13989186937923,
        "consistency": 1.0
      },
      "gamma_21.022040": {
        "mean_error": 0.4958771637420679,
        "std_error": 5.551115123125783e-17,
        "relative_error": 99.17543274841358,
        "consistency": 1.0
      },
      "gamma_25.010858": {
        "mean_error": 0.49604007466882344,
        "std_error": 5.551115123125783e-17,
        "relative_error": 99.20801493376469,
        "consistency": 1.0
      },
      "gamma_30.424876": {
        "mean_error": 0.49570674413942406,
        "std_error": 0.0,
        "relative_error": 99.14134882788481,
        "consistency": 1.0
      },
      "gamma_32.935062": {
        "mean_error": 0.4957559771429584,
        "std_error": 5.551115123125783e-17,
        "relative_error": 99.15119542859168,
        "consistency": 1.0
      }
    },
    "convergence_trends": {}
  }
}