{
  "timestamp": "2025-05-24 21:31:22",
  "framework": "Quantum Gravity NKAT Theory (Memory Optimized)",
  "parameters": {
    "lattice_size": 8,
    "dimension": 512,
    "precision": "complex128",
    "theta": 1e-30,
    "kappa": 1e-25,
    "alpha_s": 0.118,
    "g_ym": 1.0,
    "ads_radius": 1.0,
    "cft_dimension": 4,
    "n_colors": 3
  },
  "gamma_values": [
    14.134725,
    21.02204,
    25.010858,
    30.424876,
    32.935062
  ],
  "quantum_gravity_results": {
    "gamma_14.134725": {
      "gamma": 14.134725,
      "spectral_dimension": 0.0038786211630931792,
      "real_part": 0.0019393105815465896,
      "convergence": 0.4980606894184534,
      "corrected_real_part": 0.0020275801071640296,
      "corrected_convergence": 0.49797241989283597,
      "quantum_correction": 8.351645710485865e-05,
      "string_correction": 4.753068512455862e-06,
      "ads_cft_correction": 1.2561585847616867e-16,
      "total_correction": 8.826952561744013e-05,
      "eigenvalue_count": 77,
      "lambda_min": 0.0019393105815465896,
      "lambda_max": 0.8639657287255215
    },
    "gamma_21.022040": {
      "gamma": 21.02204,
      "spectral_dimension": 0.017190814584696394,
      "real_part": 0.008595407292348197,
      "convergence": 0.4914045927076518,
      "corrected_real_part": 0.008678438650640613,
      "corrected_convergence": 0.4913215613493594,
      "quantum_correction": 7.326281146618348e-05,
      "string_correction": 9.768546825849552e-06,
      "ads_cft_correction": 3.824459119072596e-16,
      "total_correction": 8.303135829241548e-05,
      "eigenvalue_count": 79,
      "lambda_min": 0.008595407292348197,
      "lambda_max": 1.2841048686899366
    },
    "gamma_25.010858": {
      "gamma": 25.010858,
      "spectral_dimension": 0.11266127730832827,
      "real_part": 0.056330638654164135,
      "convergence": 0.44366936134583584,
      "corrected_real_part": 0.05641237351002941,
      "corrected_convergence": 0.4435876264899706,
      "quantum_correction": 5.724067649012323e-05,
      "string_correction": 2.4494177948917574e-05,
      "ads_cft_correction": 1.426233114768879e-12,
      "total_correction": 8.173485586527392e-05,
      "eigenvalue_count": 77,
      "lambda_min": 0.056330638654164135,
      "lambda_max": 1.4975850402265174
    },
    "gamma_30.424876": {
      "gamma": 30.424876,
      "spectral_dimension": 0.010379138031941657,
      "real_part": 0.005189569015970829,
      "convergence": 0.49481043098402916,
      "corrected_real_part": 0.005278774610137473,
      "corrected_convergence": 0.4947212253898625,
      "quantum_correction": 8.147229789228934e-05,
      "string_correction": 7.73329627435472e-06,
      "ads_cft_correction": 9.812998890346976e-21,
      "total_correction": 8.920559416664406e-05,
      "eigenvalue_count": 79,
      "lambda_min": 0.005189569015970829,
      "lambda_max": 1.8645505135846703
    },
    "gamma_32.935062": {
      "gamma": 32.935062,
      "spectral_dimension": 0.055106181464503044,
      "real_part": 0.027553090732251522,
      "convergence": 0.47244690926774846,
      "corrected_real_part": 0.027636924231882323,
      "corrected_convergence": 0.4723630757681177,
      "quantum_correction": 6.654021854465931e-05,
      "string_correction": 1.7293281085927187e-05,
      "ads_cft_correction": 2.1357425324761784e-16,
      "total_correction": 8.383349963080007e-05,
      "eigenvalue_count": 78,
      "lambda_min": 0.027553090732251522,
      "lambda_max": 1.934659356997989
    }
  },
  "convergence_statistics": {
    "mean_convergence": 0.4800783967447437,
    "median_convergence": 0.4914045927076518,
    "std_convergence": 0.020260976567831514,
    "min_convergence": 0.44366936134583584,
    "max_convergence": 0.4980606894184534,
    "mean_corrected_convergence": 0.47999318177802924,
    "median_corrected_convergence": 0.4913215613493594,
    "std_corrected_convergence": 0.020258743441228022,
    "min_corrected_convergence": 0.4435876264899706,
    "max_corrected_convergence": 0.49797241989283597,
    "improvement_factor": 0.9998224978101655
  }
}