{
  "timestamp": "2025-05-24 21:45:59",
  "framework": "Stabilized GPU Accelerated NKAT Theory v2.1",
  "system_info": {
    "lattice_size": 10,
    "dimension": 1000,
    "precision": "complex128",
    "use_gpu": false,
    "sparse_format": "csr",
    "k_eigenvalues": 128,
    "regularization_strength": 1e-08,
    "positive_shift": 1e-06
  },
  "gamma_values": [
    14.134725,
    21.02204,
    25.010858,
    30.424876,
    32.935062
  ],
  "benchmark_results": {
    "gamma_21.022040": {
      "gamma": 21.02204,
      "basic_spectral_dimension": 0.15138571705305487,
      "weighted_spectral_dimension": 0.2074270018868069,
      "basic_real_part": 0.07569285852652743,
      "weighted_real_part": 0.10371350094340345,
      "basic_convergence": 0.4243071414734726,
      "weighted_convergence": 0.3962864990565965,
      "corrected_real_part": 0.1037563250540778,
      "corrected_convergence": 0.3962436749459222,
      "quantum_correction": 2.6417486769792183e-05,
      "string_correction": 1.640660241864044e-05,
      "ads_cft_correction": 2.1485912538237465e-11,
      "total_correction": 4.282411067434516e-05,
      "improvement_factor": 1.0708237589694758,
      "eigenvalue_count": 128,
      "lambda_min": 0.07569285852652743,
      "lambda_max": 0.9996856606218911,
      "eigenvalue_range": 0.9239928020953637,
      "condition_number": 13.207133144159519,
      "confidence": 1.0,
      "stability_score": 1.0
    },
    "gamma_30.424876": {
      "gamma": 30.424876,
      "basic_spectral_dimension": 0.15520526926285846,
      "weighted_spectral_dimension": 0.20773152513997167,
      "basic_real_part": 0.07760263463142923,
      "weighted_real_part": 0.10386576256998584,
      "basic_convergence": 0.42239736536857075,
      "weighted_convergence": 0.3961342374300142,
      "corrected_real_part": 0.10391044148343054,
      "corrected_convergence": 0.39608955851656946,
      "quantum_correction": 2.8036213806305516e-05,
      "string_correction": 1.664269910297652e-05,
      "ads_cft_correction": 5.354201609384396e-13,
      "total_correction": 4.467891344470219e-05,
      "improvement_factor": 1.0664188345447125,
      "eigenvalue_count": 128,
      "lambda_min": 0.07760263463142923,
      "lambda_max": 0.9996476198995311,
      "eigenvalue_range": 0.9220449852681019,
      "condition_number": 12.881619607985046,
      "confidence": 1.0,
      "stability_score": 1.0
    }
  },
  "performance_metrics": {
    "total_computation_time": 1.7970993518829346,
    "average_iteration_time": 0.8338451385498047,
    "min_iteration_time": 0.8320367336273193,
    "max_iteration_time": 0.83565354347229,
    "speedup_estimate": "50x (vs baseline, stabilized)",
    "mean_convergence": 0.39621036824330536,
    "mean_corrected_convergence": 0.39616661673124587,
    "std_convergence": 7.613081329116422e-05,
    "improvement_factor": 1.0001104371499534,
    "success_rate": 0.4,
    "precision_achieved": "60.38%",
    "average_stability_score": 1.0,
    "stability_consistency": 0.0
  }
}