{
  "gamma_values": [
    14.134725,
    21.02204,
    25.010858,
    30.424876,
    32.935062
  ],
  "spectral_dimensions_all": [
    [
      0.01640060385747248,
      0.016736903547559464,
      0.017006300548497097,
      0.0160687693865617,
      0.016231420752544395
    ],
    [
      0.01633757214219621,
      0.01692747771967101,
      0.016868362081750594,
      0.015975631191429068,
      0.01656828562332396
    ],
    [
      0.015834689774829314,
      0.01815237685016429,
      0.01696640989950148,
      0.016924569615219914,
      0.016249226373677095
    ],
    [
      0.01507744608434291,
      0.016936218741839704,
      0.017028306043638017,
      0.016284973029928186,
      0.015813311949174413
    ],
    [
      0.01501012837338484,
      0.017028048942557213,
      0.015791269591610955,
      0.015925520772209555,
      0.01545341154970146
    ],
    [
      0.015813964106162575,
      0.017854917514067332,
      0.016385842214721863,
      0.01601257909630281,
      0.0165176576380589
    ],
    [
      0.016200203338714785,
      0.017866837992424025,
      0.017105379950283328,
      0.01637747349906122,
      0.016875329527169497
    ],
    [
      0.0156477782823215,
      0.016578767926087815,
      0.01746178317083914,
      0.017093652668019595,
      0.01728660011825155
    ],
    [
      0.01618249982682216,
      0.016937780987233662,
      0.015708969347128968,
      0.017287946547277735,
      0.01827016042742677
    ],
    [
      0.0158918965339525,
      0.018366742720146875,
      0.017750657654456107,
      0.015849119576220885,
      0.01580895032787692
    ],
    [
      0.015876957497706453,
      0.018280455392850784,
      0.016545575358963407,
      0.01728829997163903,
      0.016563425918755658
    ],
    [
      0.015669088569378473,
      0.015889464206984602,
      0.016929875129903224,
      0.016930712080644828,
      0.016097481151243508
    ],
    [
      0.0163140712411311,
      0.017144381885640856,
      0.01707690152137847,
      0.017334180589543502,
      0.016714153586008904
    ],
    [
      0.01584260956077616,
      0.017979426221301723,
      0.01637989079012619,
      0.016958405589103727,
      0.016089743514800275
    ],
    [
      0.01636926417767894,
      0.017276825563622925,
      0.016049434654012453,
      0.015860971375451626,
      0.01582819128913971
    ],
    [
      0.016296920396745972,
      0.018277319160241983,
      0.01630486427417618,
      0.016942954484963132,
      0.016540298010230426
    ],
    [
      0.015686044730240736,
      0.01789754439517801,
      0.015651318639316694,
      0.017370581614978023,
      0.016796128016142744
    ],
    [
      0.015338528247846511,
      0.0159670004286378,
      0.0170316144865935,
      0.016872683031840825,
      0.01695742315476553
    ],
    [
      0.016426478308874625,
      0.01799959390478566,
      0.016017073455688393,
      0.01643072765145073,
      0.016874113062884052
    ],
    [
      0.016430135735026385,
      0.018485596974357536,
      0.017665560459459387,
      0.017596880074174343,
      0.01672268696396673
    ]
  ],
  "real_parts_all": [
    [
      0.00820030192873624,
      0.008368451773779732,
      0.008503150274248548,
      0.00803438469328085,
      0.008115710376272197
    ],
    [
      0.008168786071098106,
      0.008463738859835505,
      0.008434181040875297,
      0.007987815595714534,
      0.00828414281166198
    ],
    [
      0.007917344887414657,
      0.009076188425082145,
      0.00848320494975074,
      0.008462284807609957,
      0.008124613186838547
    ],
    [
      0.007538723042171455,
      0.008468109370919852,
      0.008514153021819008,
      0.008142486514964093,
      0.007906655974587206
    ],
    [
      0.00750506418669242,
      0.008514024471278607,
      0.007895634795805477,
      0.007962760386104778,
      0.00772670577485073
    ],
    [
      0.007906982053081288,
      0.008927458757033666,
      0.008192921107360931,
      0.008006289548151404,
      0.00825882881902945
    ],
    [
      0.008100101669357393,
      0.008933418996212012,
      0.008552689975141664,
      0.00818873674953061,
      0.008437664763584748
    ],
    [
      0.00782388914116075,
      0.008289383963043908,
      0.00873089158541957,
      0.008546826334009798,
      0.008643300059125775
    ],
    [
      0.00809124991341108,
      0.008468890493616831,
      0.007854484673564484,
      0.008643973273638868,
      0.009135080213713386
    ],
    [
      0.00794594826697625,
      0.009183371360073437,
      0.008875328827228053,
      0.007924559788110443,
      0.00790447516393846
    ],
    [
      0.007938478748853227,
      0.009140227696425392,
      0.008272787679481704,
      0.008644149985819515,
      0.008281712959377829
    ],
    [
      0.007834544284689236,
      0.007944732103492301,
      0.008464937564951612,
      0.008465356040322414,
      0.008048740575621754
    ],
    [
      0.00815703562056555,
      0.008572190942820428,
      0.008538450760689235,
      0.008667090294771751,
      0.008357076793004452
    ],
    [
      0.00792130478038808,
      0.008989713110650862,
      0.008189945395063096,
      0.008479202794551863,
      0.008044871757400138
    ],
    [
      0.00818463208883947,
      0.008638412781811463,
      0.008024717327006227,
      0.007930485687725813,
      0.007914095644569855
    ],
    [
      0.008148460198372986,
      0.009138659580120992,
      0.00815243213708809,
      0.008471477242481566,
      0.008270149005115213
    ],
    [
      0.007843022365120368,
      0.008948772197589005,
      0.007825659319658347,
      0.008685290807489011,
      0.008398064008071372
    ],
    [
      0.007669264123923256,
      0.0079835002143189,
      0.00851580724329675,
      0.008436341515920412,
      0.008478711577382765
    ],
    [
      0.008213239154437313,
      0.00899979695239283,
      0.008008536727844196,
      0.008215363825725365,
      0.008437056531442026
    ],
    [
      0.008215067867513193,
      0.009242798487178768,
      0.008832780229729694,
      0.008798440037087171,
      0.008361343481983365
    ]
  ],