{
  "gamma_values": [
    14.134725,
    21.02204,
    25.010858,
    30.424876,
    32.935062
  ],
  "spectral_dimensions_all": [
    [
      1.385053037582762,
      0.8689643947648588,
      0.9489086489926372,
      0.49031580276804876,
      0.4687502450826646
    ],
    [
      1.2674554584926014,
      0.8764810549439151,
      0.9885704542587339,
      0.544035909048167,
      0.4708746267377733
    ],
    [
      1.329241032156942,
      0.9396854378548438,
      0.9398226366609709,
      0.5063561763129009,
      0.4650352549567538
    ],
    [
      1.3942375843063992,
      0.8317082512711176,
      0.9303889765836905,
      0.4705738209954742,
      0.46678124807967175
    ],
    [
      1.371261255643488,
      0.9008136216619708,
      0.9569926684156131,
      0.47056354265309236,
      0.4533907279531639
    ],
    [
      1.3506858884810313,
      0.8854497566690238,
      0.9110243860978224,
      0.5275405448654573,
      0.45520159519250464
    ],
    [
      1.338755376964784,
      0.8457157942072263,
      0.9653391080579294,
      0.4929054655911777,
      0.5023366575875646
    ],
    [
      1.3678874252579039,
      0.8813175908988057,
      0.9243073208774245,
      0.5134625194069875,
      0.44033908636684965
    ],
    [
      1.3011896211851104,
      0.8481417514144551,
      0.9513425572140685,
      0.5079036211990373,
      0.47802703455888934
    ],
    [
      1.3617945767953934,
      0.8472552249394907,
      0.9652138585993395,
      0.49708113276092797,
      0.4851111396057015
    ],
    [
      1.4177450442575872,
      0.8510866636181041,
      0.891770527422616,
      0.516783331955622,
      0.47815007304231055
    ],
    [
      1.3347259412812644,
      0.8722491249327268,
      0.9629951848980763,
      0.489789774031901,
      0.48412799162130965
    ]
  ],
  "real_parts_all": [
    [
      0.692526518791381,
      0.4344821973824294,
      0.4744543244963186,
      0.24515790138402438,
      0.2343751225413323
    ],
    [
      0.6337277292463007,
      0.4382405274719576,
      0.49428522712936696,
      0.2720179545240835,
      0.23543731336888665
    ],
    [
      0.664620516078471,
      0.4698427189274219,
      0.46991131833048544,
      0.25317808815645043,
      0.2325176274783769
    ],
    [
      0.6971187921531996,
      0.4158541256355588,
      0.46519448829184523,
      0.2352869104977371,
      0.23339062403983588
    ],
    [
      0.685630627821744,
      0.4504068108309854,
      0.4784963342078066,
      0.23528177132654618,
      0.22669536397658194
    ],
    [
      0.6753429442405157,
      0.4427248783345119,
      0.4555121930489112,
      0.26377027243272866,
      0.22760079759625232
    ],
    [
      0.669377688482392,
      0.42285789710361316,
      0.4826695540289647,
      0.24645273279558885,
      0.2511683287937823
    ],
    [
      0.6839437126289519,
      0.44065879544940284,
      0.46215366043871225,
      0.25673125970349375,
      0.22016954318342483
    ],
    [
      0.6505948105925552,
      0.42407087570722757,
      0.47567127860703423,
      0.25395181059951866,
      0.23901351727944467
    ],
    [
      0.6808972883976967,
      0.42362761246974534,
      0.48260692929966975,
      0.24854056638046398,
      0.24255556980285076
    ],
    [
      0.7088725221287936,
      0.42554333180905207,
      0.445885263711308,
      0.258391665977811,
      0.23907503652115528
    ],
    [
      0.6673629706406322,
      0.4361245624663634,
      0.48149759244903817,
      0.2448948870159505,
      0.24206399581065483
    ]
  ],
  "convergence_to_half_all": [
    [
      0.19252651879138105,
      0.06551780261757062,
      0.02554567550368142,
      0.2548420986159756,
      0.2656248774586677
    ],
    [
      0.13372772924630072,
      0.061759472528042425,
      0.005714772870633045,
      0.2279820454759165,
      0.2645626866311134
    ],
    [
      0.16462051607847095,
      0.03015728107257809,
      0.03008868166951456,
      0.24682191184354957,
      0.2674823725216231
    ],
    [
      0.1971187921531996,
      0.08414587436444121,
      0.03480551170815477,
      0.2647130895022629,
      0.2666093759601641
    ],
    [
      0.185630627821744,
      0.04959318916901462,
      0.021503665792193427,
      0.26471822867345385,
      0.27330463602341803
    ],
    [
      0.17534294424051566,
      0.057275121665488093,
      0.04448780695108878,
      0.23622972756727134,
      0.2723992024037477
    ],
    [
      0.16937768848239199,
      0.07714210289638684,
      0.01733044597103528,
      0.2535472672044111,
      0.24883167120621769
    ],
    [
      0.18394371262895193,
      0.05934120455059716,
      0.037846339561287745,
      0.24326874029650625,
      0.27983045681657515
    ],
    [
      0.1505948105925552,
      0.07592912429277243,
      0.02432872139296577,
      0.24604818940048134,
      0.26098648272055536
    ],
    [
      0.1808972883976967,
      0.07637238753025466,
      0.01739307070033025,
      0.25145943361953604,
      0.25744443019714924
    ],
    [
      0.2088725221287936,
      0.07445666819094793,
      0.05411473628869201,
      0.241608334022189,
      0.26092496347884475
    ],
    [
      0.1673629706406322,
      0.06387543753363661,
      0.01850240755096183,
      0.2551051129840495,
      0.25793600418934515
    ]
  ],
  "ultimate_analysis": {
    "spectral_dimension_stats": {
      "mean": [
        1.3516693535337723,
        0.8707390555980449,
        0.9447230273399102,
        0.5022759701323994,
        0.4706771400654297
      ],
      "std": [
        0.03941228707535265,
        0.028317700351897516,
        0.025656533954842825,
        0.02079775610709694,
        0.015840158034340756
      ],
      "median": [
        1.3562402326382124,
        0.8706067598487928,
        0.9501256031033528,
        0.5017186545369144,
        0.46981243591021893
      ],
      "q25": [
        1.3333547140001838,
        0.847920119795714,
        0.928868562657124,
        0.49018429558401183,
        0.4625768400156915
      ],
      "q75": [
        1.3747092011283066,
        0.8823506323413602,
        0.9635498533233922,
        0.5142927225441462,
        0.4796445526870603
      ],
      "min": [
        1.2674554584926014,
        0.8317082512711176,
        0.891770527422616,
        0.47056354265309236,
        0.44033908636684965
      ],
      "max": [
        1.4177450442575872,
        0.9396854378548438,
        0.9885704542587339,
        0.544035909048167,
        0.5023366575875646
      ]
    },
    "real_part_stats": {
      "mean": [
        0.6758346767668861,
        0.43536952779902244,
        0.4723615136699551,
        0.2511379850661997,
        0.23533857003271486
      ],
      "std": [
        0.019706143537676326,
        0.014158850175948758,
        0.012828266977421413,
        0.01039887805354847,
        0.007920079017170378
      ],
      "median": [
        0.6781201163191062,
        0.4353033799243964,
        0.4750628015516764,
        0.2508593272684572,
        0.23490621795510946
      ],
      "q25": [
        0.6666773570000919,
        0.423960059897857,
        0.464434281328562,
        0.24509214779200592,
        0.23128842000784575
      ],
      "q75": [
        0.6873546005641533,
        0.4411753161706801,
        0.4817749266616961,
        0.2571463612720731,
        0.23982227634353015
      ]
    },
    "convergence_stats": {
      "mean": [
        0.17583467676688613,
        0.06463047220097756,
        0.02763848633004491,
        0.24886201493380025,
        0.26466142996728514
      ],
      "std": [
        0.019706143537676326,
        0.014158850175948758,
        0.012828266977421413,
        0.010398878053548472,
        0.007920079017170373
      ],
      "median": [
        0.17812011631910618,
        0.06469662007560362,
        0.024937198448323594,
        0.2491406727315428,
        0.26509378204489054
      ],