{
  "gamma_values": [
    14.134725,
    21.02204,
    25.010858,
    30.424876,
    32.935062
  ],
  "spectral_dimensions_all": [
    [
      0.0010429237061091207,
      0.0009697882262764838,
      0.0009833621663625502,
      0.00021146979279336675,
      0.0002485637562613062
    ],
    [
      0.0008673556601550849,
      0.0008875443668280626,
      0.0008895592440463468,
      0.00018285742881552397,
      0.0002143593477184914
    ],
    [
      0.0007766952356994876,
      0.001205531066126046,
      0.0010370700373261014,
      0.00020634048500681537,
      0.0002363523804841429
    ],
    [
      0.00096148993482107,
      0.001205994027907801,
      0.0011180832978655727,
      0.00021951277372014397,
      0.00024159442798358635
    ],
    [
      0.0009821115542901085,
      0.0007182153760947849,
      0.001083865511929844,
      0.0002597768570557252,
      0.00023844688866369898
    ]
  ],
  "real_parts_all": [
    [
      0.0005214618530545603,
      0.0004848941131382419,
      0.0004916810831812751,
      0.00010573489639668338,
      0.0001242818781306531
    ],
    [
      0.00043367783007754244,
      0.0004437721834140313,
      0.0004447796220231734,
      9.142871440776199e-05,
      0.0001071796738592457
    ],
    [
      0.0003883476178497438,
      0.000602765533063023,
      0.0005185350186630507,
      0.00010317024250340768,
      0.00011817619024207145
    ],
    [
      0.000480744967410535,
      0.0006029970139539005,
      0.0005590416489327863,
      0.00010975638686007198,
      0.00012079721399179317
    ],
    [
      0.0004910557771450543,
      0.00035910768804739245,
      0.000541932755964922,
      0.0001298884285278626,
      0.00011922344433184949
    ]
  ],
  "convergence_to_half_all": [
    [
      0.4994785381469454,
      0.49951510588686177,
      0.49950831891681874,
      0.4998942651036033,
      0.4998757181218694
    ],
    [
      0.49956632216992247,
      0.499556227816586,
      0.49955522037797684,
      0.49990857128559224,
      0.49989282032614074
    ],
    [
      0.4996116523821503,
      0.49939723446693696,
      0.49948146498133694,
      0.4998968297574966,
      0.49988182380975793
    ],
    [
      0.4995192550325895,
      0.4993970029860461,
      0.4994409583510672,
      0.49989024361313994,
      0.4998792027860082
    ],
    [
      0.49950894422285497,
      0.49964089231195263,
      0.4994580672440351,
      0.49987011157147215,
      0.49988077655566815
    ]
  ],
  "statistics": {
    "spectral_dimension_mean": [
      0.0009261152182149743,
      0.0009974146126466357,
      0.0010223880515060828,
      0.00021599146747831505,
      0.00023586336022224518
    ],
    "spectral_dimension_std": [
      9.360576895815747e-05,
      0.00018847001486219507,
      8.03979238861174e-05,
      2.5063964015388113e-05,
      1.1519388100242366e-05
    ],
    "spectral_dimension_median": [
      0.00096148993482107,
      0.0009697882262764838,
      0.0010370700373261014,
      0.00021146979279336675,
      0.00023844688866369898
    ],
    "real_part_mean": [
      0.00046305760910748717,
      0.0004987073063233179,
      0.0005111940257530414,
      0.00010799573373915753,
      0.00011793168011112259
    ],
    "real_part_std": [
      4.680288447907873e-05,
      9.423500743109753e-05,
      4.01989619430587e-05,
      1.2531982007694056e-05,
      5.759694050121183e-06
    ],
    "convergence_mean": [
      0.4995369423908925,
      0.4995012926936767,
      0.49948880597424694,
      0.49989200426626085,
      0.4998820683198889
    ],
    "convergence_std": [
      4.680288447908508e-05,
      9.423500743110895e-05,
      4.019896194306282e-05,
      1.2531982007689303e-05,
      5.759694050108801e-06
    ]
  },
  "overall_statistics": {
    "mean_convergence": 0.49966022272899324,
    "median_convergence": 0.49956632216992247,
    "std_convergence": 0.00019269435732509644,
    "min_convergence": 0.4993970029860461,
    "max_convergence": 0.49990857128559224,
    "success_rate_strict": 0.0,
    "success_rate_moderate": 0.0,
    "success_rate_loose": 0.0
  }
}