{
  "timestamp": "2025-05-24 21:05:07",
  "parameters": {
    "lattice_size": 16,
    "precision": "complex128",
    "max_eigenvalues": 4096,
    "richardson_orders": [
      2,
      4,
      8,
      16
    ],
    "theta": 1e-35,
    "kappa": 1e-28
  },
  "gamma_values": [
    14.134725,
    21.02204,
    25.010858,
    30.424876,
    32.935062
  ],
  "ultra_precision_results": {
    "gamma_14.134725": {
      "spectral_dimensions": [
        0.040029430658457,
        0.040029430658457,
        0.040029430658457,
        0.040029430658457,
        0.040029430658457
      ],
      "real_parts": [
        0.0200147153292285,
        0.0200147153292285,
        0.0200147153292285,
        0.0200147153292285,
        0.0200147153292285
      ],
      "convergences": [
        0.4799852846707715,
        0.4799852846707715,
        0.4799852846707715,
        0.4799852846707715,
        0.4799852846707715
      ],
      "richardson_info": [
        {
          "raw_values": [
            NaN,
            0.06176631975481535,
            0.0291609861102778,
            0.0291609861102778
          ],
          "lattice_orders": [
            2,
            4,
            8,
            16
          ],
          "valid_points": 3,
          "extrapolated_value": 0.040029430658457,
          "convergence_rate": 0.0
        },
        {
          "raw_values": [
            NaN,
            0.06176631975481535,
            0.0291609861102778,
            0.0291609861102778
          ],
          "lattice_orders": [
            2,
            4,
            8,
            16
          ],
          "valid_points": 3,
          "extrapolated_value": 0.040029430658457,
          "convergence_rate": 0.0
        },
        {
          "raw_values": [
            NaN,
            0.06176631975481535,
            0.0291609861102778,
            0.0291609861102778
          ],
          "lattice_orders": [
            2,
            4,
            8,
            16
          ],
          "valid_points": 3,
          "extrapolated_value": 0.040029430658457,
          "convergence_rate": 0.0
        },
        {
          "raw_values": [
            NaN,
            0.06176631975481535,
            0.0291609861102778,
            0.0291609861102778
          ],
          "lattice_orders": [
            2,
            4,
            8,
            16
          ],
          "valid_points": 3,
          "extrapolated_value": 0.040029430658457,
          "convergence_rate": 0.0
        },
        {
          "raw_values": [
            NaN,
            0.06176631975481535,
            0.0291609861102778,
            0.0291609861102778
          ],
          "lattice_orders": [
            2,
            4,
            8,
            16
          ],
          "valid_points": 3,
          "extrapolated_value": 0.040029430658457,
          "convergence_rate": 0.0
        }
      ]
    },
    "gamma_21.022040": {
      "spectral_dimensions": [
        0.04098572677457234,
        0.04098572677457234,
        0.04098572677457234,
        0.04098572677457234,
        0.04098572677457234
      ],
      "real_parts": [
        0.02049286338728617,
        0.02049286338728617,
        0.02049286338728617,
        0.02049286338728617,
        0.02049286338728617
      ],
      "convergences": [
        0.4795071366127138,
        0.4795071366127138,
        0.4795071366127138,
        0.4795071366127138,
        0.4795071366127138
      ],
      "richardson_info": [
        {
          "raw_values": [
            NaN,
            0.06559693915695368,
            0.02868012058338164,
            0.02868012058338164
          ],
          "lattice_orders": [
            2,
            4,
            8,
            16
          ],
          "valid_points": 3,
          "extrapolated_value": 0.04098572677457234,
          "convergence_rate": 0.0
        },
        {
          "raw_values": [
            NaN,
            0.06559693915695368,
            0.02868012058338164,
            0.02868012058338164
          ],
          "lattice_orders": [
            2,
            4,
            8,
            16
          ],
          "valid_points": 3,
          "extrapolated_value": 0.04098572677457234,
          "convergence_rate": 0.0
        },
        {
          "raw_values": [
            NaN,
            0.06559693915695368,
            0.02868012058338164,
            0.02868012058338164
          ],
          "lattice_orders": [
            2,
            4,
            8,
            16
          ],
          "valid_points": 3,
          "extrapolated_value": 0.04098572677457234,
          "convergence_rate": 0.0
        },
        {
          "raw_values": [
            NaN,
            0.06559693915695368,
            0.02868012058338164,
            0.02868012058338164
          ],
          "lattice_orders": [
            2,
            4,
            8,
            16
          ],
          "valid_points": 3,
          "extrapolated_value": 0.04098572677457234,
          "convergence_rate": 0.0
        },
        {
          "raw_values": [
            NaN,
            0.06559693915695368,
            0.02868012058338164,
            0.02868012058338164
          ],
          "lattice_orders": [
            2,
            4,
            8,
            16
          ],
          "valid_points": 3,
          "extrapolated_value": 0.04098572677457234,
          "convergence_rate": 0.0
        }
      ]
    },
    "gamma_25.010858": {
      "spectral_dimensions": [
        0.040572158552819385,
        0.040572158552819385,
        0.040572158552819385,
        0.040572158552819385,
        0.040572158552819385
      ],
      "real_parts": [
        0.020286079276409692,
        0.020286079276409692,
        0.020286079276409692,
        0.020286079276409692,
        0.020286079276409692
      ],
      "convergences": [
        0.4797139207235903,
        0.4797139207235903,
        0.4797139207235903,
        0.4797139207235903,
        0.4797139207235903
      ],
      "richardson_info": [
        {
          "raw_values": [
            NaN,
            0.0654579071348292,
            0.02812928426181445,
            0.02812928426181445
          ],
          "lattice_orders": [
            2,
            4,
            8,
            16
          ],
          "valid_points": 3,
          "extrapolated_value": 0.040572158552819385,
          "convergence_rate": 0.0
        },
        {
          "raw_values": [
            NaN,
            0.0654579071348292,
            0.02812928426181445,
            0.02812928426181445
          ],
          "lattice_orders": [
            2,
            4,
            8,
            16
          ],
          "valid_points": 3,
          "extrapolated_value": 0.040572158552819385,
          "convergence_rate": 0.0
        },
        {
          "raw_values": [
            NaN,
            0.0654579071348292,
            0.02812928426181445,
            0.02812928426181445
          ],
          "lattice_orders": [
            2,
            4,
            8,
            16
          ],
          "valid_points": 3,
          "extrapolated_value": 0.040572158552819385,
          "convergence_rate": 0.0
        },
        {
          "raw_values": [
            NaN,
            0.0654579071348292,
            0.02812928426181445,
            0.02812928426181445
          ],
          "lattice_orders": [
            2,
            4,
            8,
            16
          ],
          "valid_points": 3,
          "extrapolated_value": 0.040572158552819385,
          "convergence_rate": 0.0
        },
        {
          "raw_values": [
            NaN,
            0.0654579071348292,
            0.02812928426181445,
            0.02812928426181445
          ],
          "lattice_orders": [
            2,
            4,
            8,
            16
          ],
          "valid_points": 3,