{
  "direct_calculation": {
    "mass_gap": 2.068771873579366e+58,
    "ground_state_energy": 2.068771873579366e+58,
    "first_excited_energy": 2.0735561857722167e+58,
    "excitation_gap": 4.7843121928507025e+55,
    "n_positive_eigenvalues": 16,
    "eigenvalue_range": [
      2.068771873579366e+58,
      2.1730036372167278e+58
    ],
    "theoretical_prediction": 1.975457852015207e+61
  },
  "confinement_analysis": {
    "mean_level_spacing": 6.948784242490784e+55,
    "std_level_spacing": 1.4939627022436164e+55,
    "confinement_indicator": 0.0,
    "n_bound_states": 16,
    "energy_spectrum": [
      2.068771873579366e+58,
      2.0735561857722167e+58,
      2.0785857948966e+58,
      2.0838732775951325e+58,
      2.0894318553286877e+58,
      2.0952754274369355e+58,
      2.101418605893925e+58,
      2.1078767518456367e+58,
      2.1146660140208497e+58,
      2.121803369111371e+58
    ]
  },
  "theoretical_comparison": {
    "theoretical_gap": 1.975457852015207e+61,
    "computed_gap": 2.068771873579366e+58,
    "relative_error": 0.9989527633447258,
    "agreement": "False"
  },
  "verification_summary": {
    "mass_gap_exists": false,
    "confidence_level": 0.4,
    "nkat_prediction_confirmed": false
  }
}