{
  "timestamp": "20250601_162332",
  "model": "NKAT-Vision Transformer",
  "test_accuracy": 97.79,
  "total_samples": 10000,
  "total_errors": 221,
  "error_rate_percent": 2.21,
  "classification_report": {
    "0": {
      "precision": 0.9918367346938776,
      "recall": 0.9798387096774194,
      "f1-score": 0.9858012170385395,
      "support": 992.0
    },
    "1": {
      "precision": 0.9929515418502203,
      "recall": 0.9868651488616462,
      "f1-score": 0.98989898989899,
      "support": 1142.0
    },
    "2": {
      "precision": 0.9786821705426356,
      "recall": 0.9777347531461762,
      "f1-score": 0.9782082324455206,
      "support": 1033.0
    },
    "3": {
      "precision": 0.9732673267326732,
      "recall": 0.9761668321747765,
      "f1-score": 0.9747149231531979,
      "support": 1007.0
    },
    "4": {
      "precision": 0.9745417515274949,
      "recall": 0.9775280898876404,
      "f1-score": 0.9760326364099949,
      "support": 979.0
    },
    "5": {
      "precision": 0.9674887892376681,
      "recall": 0.9685746352413019,
      "f1-score": 0.9680314077397645,
      "support": 891.0
    },
    "6": {
      "precision": 0.9832985386221295,
      "recall": 0.9721362229102167,
      "f1-score": 0.9776855215360665,
      "support": 969.0
    },
    "7": {
      "precision": 0.9708171206225681,
      "recall": 0.9774730656219393,
      "f1-score": 0.9741337237676916,
      "support": 1021.0
    },
    "8": {
      "precision": 0.9825462012320328,
      "recall": 0.9815384615384616,
      "f1-score": 0.9820420728578758,
      "support": 975.0
    },
    "9": {
      "precision": 0.9613478691774033,
      "recall": 0.9788092835519677,
      "f1-score": 0.97,
      "support": 991.0
    },
    "accuracy": 0.9779,
    "macro avg": {
      "precision": 0.9776778044238703,
      "recall": 0.9776665202611546,
      "f1-score": 0.9776548724847641,
      "support": 10000.0
    },
    "weighted avg": {
      "precision": 0.9779719316392328,
      "recall": 0.9779,
      "f1-score": 0.9779187244211577,
      "support": 10000.0
    }
  },
  "confusion_matrix": [
    [
      972,
      1,
      2,
      0,
      0,
      2,
      1,
      1,
      1,
      0
    ],
    [
      0,
      1127,
      1,
      2,
      0,
      1,
      2,
      1,
      1,
      0
    ],
    [
      4,
      4,
      1010,
      3,
      2,
      0,
      5,
      4,
      0,
      0
    ],
    [
      0,
      1,
      2,
      983,
      0,
      15,
      1,
      4,
      4,
      0
    ],
    [
      0,
      0,
      1,
      0,
      957,
      1,
      6,
      4,
      1,
      12
    ],
    [
      5,
      0,
      0,
      10,
      0,
      863,
      9,
      1,
      3,
      1
    ],
    [
      5,
      2,
      2,
      1,
      4,
      1,
      942,
      0,
      1,
      0
    ],
    [
      1,
      5,
      12,
      2,
      0,
      1,
      0,
      998,
      3,
      6
    ],
    [
      0,
      0,
      3,
      3,
      2,
      3,
      2,
      2,
      957,
      2
    ],
    [
      5,
      2,
      0,
      3,
      14,
      4,
      1,
      6,
      4,
      970
    ]
  ],
  "class_performance": [
    {
      "Class": 0,
      "Precision": 0.9798387096774194,
      "Recall": 0.9918367346938776,
      "F1-Score": 0.9858012170385395,
      "Support": 980,
      "Avg_Confidence": 0.9066998958587646
    },
    {
      "Class": 1,
      "Precision": 0.9868651488616462,
      "Recall": 0.9929515418502203,
      "F1-Score": 0.98989898989899,
      "Support": 1135,
      "Avg_Confidence": 0.9082278609275818
    },
    {
      "Class": 2,
      "Precision": 0.9777347531461762,
      "Recall": 0.9786821705426356,
      "F1-Score": 0.9782082324455206,
      "Support": 1032,
      "Avg_Confidence": 0.8821437954902649
    },
    {
      "Class": 3,
      "Precision": 0.9761668321747765,
      "Recall": 0.9732673267326732,
      "F1-Score": 0.9747149231531979,
      "Support": 1010,
      "Avg_Confidence": 0.8862622380256653
    },
    {
      "Class": 4,
      "Precision": 0.9775280898876404,
      "Recall": 0.9745417515274949,
      "F1-Score": 0.9760326364099949,
      "Support": 982,
      "Avg_Confidence": 0.8887292146682739
    },
    {
      "Class": 5,
      "Precision": 0.9685746352413019,
      "Recall": 0.9674887892376681,
      "F1-Score": 0.9680314077397645,
      "Support": 892,
      "Avg_Confidence": 0.8845548033714294
    },
    {
      "Class": 6,
      "Precision": 0.9721362229102167,
      "Recall": 0.9832985386221295,
      "F1-Score": 0.9776855215360665,
      "Support": 958,
      "Avg_Confidence": 0.8879550099372864
    },
    {
      "Class": 7,
      "Precision": 0.9774730656219393,
      "Recall": 0.9708171206225681,
      "F1-Score": 0.9741337237676916,
      "Support": 1028,
      "Avg_Confidence": 0.8785345554351807
    },
    {
      "Class": 8,
      "Precision": 0.9815384615384616,
      "Recall": 0.9825462012320328,
      "F1-Score": 0.9820420728578758,
      "Support": 974,
      "Avg_Confidence": 0.8758375644683838
    },
    {
      "Class": 9,
      "Precision": 0.9788092835519677,
      "Recall": 0.9613478691774033,
      "F1-Score": 0.97,
      "Support": 1009,
      "Avg_Confidence": 0.8744906187057495
    }
  ],
  "throughput_samples_per_sec": 8130.106389288731,
  "inference_time_per_batch": 0.061499810218811034
}