{
  "timestamp": "20250601_163744",
  "epoch": 6,
  "test_accuracy": 98.83,
  "class_accuracies": {
    "0": 99.79591836734694,
    "1": 99.73568281938327,
    "2": 98.74031007751938,
    "3": 98.91089108910892,
    "4": 98.37067209775967,
    "5": 98.54260089686099,
    "6": 98.01670146137788,
    "7": 99.31906614785993,
    "8": 98.35728952772074,
    "9": 98.31516352824579
  },
  "confusion_matrix": [
    [
      978,
      0,
      1,
      0,
      0,
      0,
      1,
      0,
      0,
      0
    ],
    [
      0,
      1132,
      1,
      2,
      0,
      0,
      0,
      0,
      0,
      0
    ],
    [
      2,
      0,
      1019,
      0,
      0,
      0,
      0,
      6,
      4,
      1
    ],
    [
      0,
      0,
      1,
      999,
      0,
      4,
      0,
      2,
      2,
      2
    ],
    [
      0,
      4,
      1,
      0,
      966,
      0,
      1,
      3,
      1,
      6
    ],
    [
      0,
      0,
      0,
      8,
      0,
      879,
      1,
      2,
      1,
      1
    ],
    [
      5,
      4,
      0,
      0,
      4,
      5,
      939,
      0,
      1,
      0
    ],
    [
      0,
      3,
      3,
      0,
      1,
      0,
      0,
      1021,
      0,
      0
    ],
    [
      3,
      0,
      2,
      1,
      2,
      3,
      2,
      0,
      958,
      3
    ],
    [
      0,
      2,
      0,
      0,
      4,
      5,
      0,
      6,
      0,
      992
    ]
  ],
  "difficult_classes_performance": {
    "5": 98.54260089686099,
    "7": 99.31906614785993,
    "9": 98.31516352824579
  }
}