{
  "timestamp": "20250601_164158",
  "model_type": "NKAT-Transformer Final 99%+",
  "final_accuracy": 99.2,
  "improvement_from_original": 1.4099999999999966,
  "target_achieved": true,
  "class_accuracies": {
    "0": 99.28571428571429,
    "1": 99.47136563876651,
    "2": 99.12790697674419,
    "3": 99.60396039603961,
    "4": 99.38900203665987,
    "5": 98.20627802690582,
    "6": 98.95615866388309,
    "7": 99.12451361867704,
    "8": 99.48665297741273,
    "9": 99.20713577799802
  },
  "confusion_matrix": [
    [
      973,
      0,
      4,
      0,
      0,
      0,
      3,
      0,
      0,
      0
    ],
    [
      0,
      1129,
      1,
      4,
      0,
      0,
      0,
      1,
      0,
      0
    ],
    [
      1,
      0,
      1023,
      2,
      1,
      0,
      0,
      5,
      0,
      0
    ],
    [
      0,
      1,
      1,
      1006,
      0,
      0,
      0,
      1,
      1,
      0
    ],
    [
      0,
      0,
      0,
      0,
      976,
      0,
      1,
      1,
      0,
      4
    ],
    [
      0,
      0,
      0,
      10,
      0,
      876,
      3,
      1,
      1,
      1
    ],
    [
      1,
      3,
      0,
      0,
      2,
      1,
      948,
      0,
      3,
      0
    ],
    [
      0,
      2,
      4,
      1,
      1,
      0,
      0,
      1019,
      0,
      1
    ],
    [
      0,
      0,
      2,
      1,
      0,
      0,
      0,
      0,
      969,
      2
    ],
    [
      0,
      0,
      0,
      0,
      4,
      2,
      0,
      0,
      2,
      1001
    ]
  ],
  "milestone_evolution": {
    "original": 97.79,
    "enhanced_v2": 98.56,
    "final_99_percent": 99.2
  }
}