{
  "timestamp": "20250601_164253",
  "model_type": "Enhanced NKAT-Transformer v2.0",
  "overall_accuracy": 98.94,
  "total_samples": 10000,
  "total_errors": 106,
  "error_rate": 1.06,
  "average_confidence": 0.8682724833488464,
  "class_statistics": {
    "0": {
      "accuracy": 99.6938775510204,
      "confidence": 0.8690474629402161,
      "samples": 980
    },
    "1": {
      "accuracy": 99.82378854625551,
      "confidence": 0.9036813378334045,
      "samples": 1135
    },
    "2": {
      "accuracy": 99.6124031007752,
      "confidence": 0.871915340423584,
      "samples": 1032
    },
    "3": {
      "accuracy": 99.5049504950495,
      "confidence": 0.8739163875579834,
      "samples": 1010
    },
    "4": {
      "accuracy": 98.77800407331976,
      "confidence": 0.8557214736938477,
      "samples": 982
    },
    "5": {
      "accuracy": 99.32735426008968,
      "confidence": 0.8825834393501282,
      "samples": 892
    },
    "6": {
      "accuracy": 97.07724425887265,
      "confidence": 0.8449288010597229,
      "samples": 958
    },
    "7": {
      "accuracy": 98.83268482490273,
      "confidence": 0.8520312905311584,
      "samples": 1028
    },
    "8": {
      "accuracy": 97.3305954825462,
      "confidence": 0.84980309009552,
      "samples": 974
    },
    "9": {
      "accuracy": 99.20713577799802,
      "confidence": 0.8744171261787415,
      "samples": 1009
    }
  },
  "difficult_classes_performance": {
    "5": 99.32735426008968,
    "7": 98.83268482490273,
    "9": 99.20713577799802
  },
  "top_error_patterns": {
    "8\u21929": 12,
    "6\u21920": 10,
    "6\u21928": 7,
    "6\u21925": 6,
    "7\u21922": 6,
    "4\u21929": 5,
    "8\u21920": 5,
    "6\u21921": 5,
    "8\u21923": 4,
    "9\u21924": 4
  },
  "confusion_matrix": [
    [
      977,
      1,
      0,
      0,
      0,
      0,
      0,
      1,
      1,
      0
    ],
    [
      0,
      1133,
      1,
      0,
      0,
      0,
      0,
      1,
      0,
      0
    ],
    [
      1,
      1,
      1028,
      1,
      0,
      0,
      0,
      1,
      0,
      0
    ],
    [
      0,
      1,
      0,
      1005,
      0,
      3,
      0,
      0,
      1,
      0
    ],
    [
      0,
      2,
      1,
      0,
      970,
      0,
      3,
      1,
      0,
      5
    ],
    [
      1,
      0,
      0,
      2,
      0,
      886,
      0,
      1,
      0,
      2
    ],
    [
      10,
      5,
      0,
      0,
      0,
      6,
      930,
      0,
      7,
      0
    ],
    [
      0,
      2,
      6,
      1,
      1,
      0,
      0,
      1016,
      0,
      2
    ],
    [
      5,
      0,
      2,
      4,
      2,
      1,
      0,
      0,
      948,
      12
    ],
    [
      0,
      1,
      1,
      0,
      4,
      2,
      0,
      0,
      0,
      1001
    ]
  ],
  "target_achievement": {
    "99_percent": false,
    "vs_previous": "98.94% vs 97.79% (previous best)"
  }
}