{
  "timestamp": "20250601_192931",
  "epoch": 5,
  "test_accuracy": 98.63,
  "class_accuracies": {
    "0": 99.59183673469387,
    "1": 99.20704845814979,
    "2": 99.8062015503876,
    "3": 99.10891089108911,
    "4": 99.38900203665987,
    "5": 98.87892376681614,
    "6": 98.12108559498957,
    "7": 98.34630350194551,
    "8": 97.5359342915811,
    "9": 96.23389494549059
  },
  "confusion_matrix": [
    [
      976,
      0,
      1,
      0,
      0,
      0,
      2,
      1,
      0,
      0
    ],
    [
      0,
      1126,
      3,
      0,
      0,
      0,
      3,
      1,
      2,
      0
    ],
    [
      2,
      0,
      1030,
      0,
      0,
      0,
      0,
      0,
      0,
      0
    ],
    [
      1,
      0,
      2,
      1001,
      0,
      1,
      0,
      3,
      2,
      0
    ],
    [
      0,
      0,
      1,
      0,
      976,
      0,
      2,
      0,
      1,
      2
    ],
    [
      0,
      0,
      1,
      7,
      0,
      882,
      1,
      1,
      0,
      0
    ],
    [
      4,
      2,
      1,
      0,
      0,
      11,
      940,
      0,
      0,
      0
    ],
    [
      0,
      2,
      13,
      1,
      1,
      0,
      0,
      1011,
      0,
      0
    ],
    [
      4,
      0,
      2,
      7,
      1,
      7,
      1,
      1,
      950,
      1
    ],
    [
      2,
      0,
      5,
      0,
      15,
      8,
      1,
      6,
      1,
      971
    ]
  ],
  "difficult_classes_performance": {
    "5": 98.87892376681614,
    "7": 98.34630350194551,
    "9": 96.23389494549059
  }
}