{
  "timestamp": "20250601_193150",
  "epoch": 7,
  "test_accuracy": 98.79,
  "class_accuracies": {
    "0": 99.6938775510204,
    "1": 99.73568281938327,
    "2": 97.86821705426357,
    "3": 99.20792079207921,
    "4": 99.4908350305499,
    "5": 99.10313901345292,
    "6": 98.32985386221294,
    "7": 99.12451361867704,
    "8": 97.94661190965093,
    "9": 97.32408325074331
  },
  "confusion_matrix": [
    [
      977,
      0,
      0,
      0,
      0,
      0,
      2,
      1,
      0,
      0
    ],
    [
      0,
      1132,
      0,
      1,
      0,
      0,
      2,
      0,
      0,
      0
    ],
    [
      7,
      2,
      1010,
      4,
      3,
      0,
      0,
      4,
      1,
      1
    ],
    [
      0,
      0,
      0,
      1002,
      0,
      3,
      0,
      3,
      2,
      0
    ],
    [
      0,
      1,
      0,
      0,
      977,
      0,
      0,
      2,
      0,
      2
    ],
    [
      0,
      0,
      0,
      3,
      0,
      884,
      4,
      1,
      0,
      0
    ],
    [
      10,
      4,
      0,
      0,
      2,
      0,
      942,
      0,
      0,
      0
    ],
    [
      0,
      2,
      2,
      1,
      3,
      1,
      0,
      1019,
      0,
      0
    ],
    [
      4,
      0,
      1,
      8,
      3,
      1,
      0,
      1,
      954,
      2
    ],
    [
      1,
      0,
      0,
      0,
      18,
      5,
      0,
      2,
      1,
      982
    ]
  ],
  "difficult_classes_performance": {
    "5": 99.10313901345292,
    "7": 99.12451361867704,
    "9": 97.32408325074331
  }
}