{
  "timestamp": "20250601_164109",
  "epoch": 8,
  "test_accuracy": 98.94,
  "class_accuracies": {
    "0": 99.6938775510204,
    "1": 99.82378854625551,
    "2": 99.6124031007752,
    "3": 99.5049504950495,
    "4": 98.77800407331976,
    "5": 99.32735426008968,
    "6": 97.07724425887265,
    "7": 98.83268482490273,
    "8": 97.3305954825462,
    "9": 99.20713577799802
  },
  "confusion_matrix": [
    [
      977,
      1,
      0,
      0,
      0,
      0,
      0,
      1,
      1,
      0
    ],
    [
      0,
      1133,
      1,
      0,
      0,
      0,
      0,
      1,
      0,
      0
    ],
    [
      1,
      1,
      1028,
      1,
      0,
      0,
      0,
      1,
      0,
      0
    ],
    [
      0,
      1,
      0,
      1005,
      0,
      3,
      0,
      0,
      1,
      0
    ],
    [
      0,
      2,
      1,
      0,
      970,
      0,
      3,
      1,
      0,
      5
    ],
    [
      1,
      0,
      0,
      2,
      0,
      886,
      0,
      1,
      0,
      2
    ],
    [
      10,
      5,
      0,
      0,
      0,
      6,
      930,
      0,
      7,
      0
    ],
    [
      0,
      2,
      6,
      1,
      1,
      0,
      0,
      1016,
      0,
      2
    ],
    [
      5,
      0,
      2,
      4,
      2,
      1,
      0,
      0,
      948,
      12
    ],
    [
      0,
      1,
      1,
      0,
      4,
      2,
      0,
      0,
      0,
      1001
    ]
  ],
  "difficult_classes_performance": {
    "5": 99.32735426008968,
    "7": 98.83268482490273,
    "9": 99.20713577799802
  }
}