{
  "timestamp": "20250601_193305",
  "epoch": 8,
  "test_accuracy": 99.1,
  "class_accuracies": {
    "0": 99.48979591836735,
    "1": 99.64757709251101,
    "2": 97.77131782945736,
    "3": 99.10891089108911,
    "4": 99.38900203665987,
    "5": 99.66367713004485,
    "6": 99.06054279749478,
    "7": 99.41634241245137,
    "8": 98.870636550308,
    "9": 98.61248761149653
  },
  "confusion_matrix": [
    [
      975,
      0,
      2,
      0,
      0,
      0,
      2,
      1,
      0,
      0
    ],
    [
      0,
      1131,
      0,
      0,
      0,
      0,
      3,
      1,
      0,
      0
    ],
    [
      1,
      7,
      1009,
      5,
      1,
      0,
      0,
      7,
      1,
      1
    ],
    [
      0,
      1,
      0,
      1001,
      0,
      4,
      0,
      3,
      1,
      0
    ],
    [
      0,
      1,
      0,
      0,
      976,
      0,
      0,
      0,
      0,
      5
    ],
    [
      0,
      0,
      0,
      2,
      0,
      889,
      1,
      0,
      0,
      0
    ],
    [
      4,
      2,
      0,
      0,
      1,
      2,
      949,
      0,
      0,
      0
    ],
    [
      0,
      2,
      1,
      0,
      2,
      1,
      0,
      1022,
      0,
      0
    ],
    [
      4,
      0,
      0,
      0,
      0,
      3,
      0,
      1,
      963,
      3
    ],
    [
      2,
      0,
      1,
      0,
      5,
      3,
      0,
      3,
      0,
      995
    ]
  ],
  "difficult_classes_performance": {
    "5": 99.66367713004485,
    "7": 99.41634241245137,
    "9": 98.61248761149653
  }
}