{
  "timestamp": "20250601_163559",
  "model_type": "Enhanced NKAT-Transformer v2.0",
  "overall_accuracy": 98.31,
  "total_samples": 10000,
  "total_errors": 169,
  "error_rate": 1.69,
  "average_confidence": 0.9008365273475647,
  "class_statistics": {
    "0": {
      "accuracy": 96.12244897959184,
      "confidence": 0.8611392974853516,
      "samples": 980
    },
    "1": {
      "accuracy": 98.50220264317181,
      "confidence": 0.9065700769424438,
      "samples": 1135
    },
    "2": {
      "accuracy": 99.70930232558139,
      "confidence": 0.8913984894752502,
      "samples": 1032
    },
    "3": {
      "accuracy": 98.21782178217822,
      "confidence": 0.9001840949058533,
      "samples": 1010
    },
    "4": {
      "accuracy": 97.9633401221996,
      "confidence": 0.9058986902236938,
      "samples": 982
    },
    "5": {
      "accuracy": 98.65470852017937,
      "confidence": 0.9157981276512146,
      "samples": 892
    },
    "6": {
      "accuracy": 97.7035490605428,
      "confidence": 0.8970754146575928,
      "samples": 958
    },
    "7": {
      "accuracy": 99.22178988326849,
      "confidence": 0.9280062913894653,
      "samples": 1028
    },
    "8": {
      "accuracy": 99.28131416837782,
      "confidence": 0.912615954875946,
      "samples": 974
    },
    "9": {
      "accuracy": 97.62140733399404,
      "confidence": 0.8896146416664124,
      "samples": 1009
    }
  },
  "difficult_classes_performance": {
    "5": 98.65470852017937,
    "7": 99.22178988326849,
    "9": 97.62140733399404
  },
  "top_error_patterns": {
    "0\u21922": 22,
    "6\u21928": 12,
    "0\u21928": 9,
    "4\u21929": 8,
    "5\u21928": 7,
    "9\u21924": 6,
    "1\u21927": 6,
    "9\u21925": 6,
    "4\u21927": 6,
    "3\u21928": 5
  },
  "confusion_matrix": [
    [
      942,
      0,
      22,
      0,
      0,
      5,
      2,
      0,
      9,
      0
    ],
    [
      0,
      1118,
      3,
      2,
      0,
      2,
      1,
      6,
      3,
      0
    ],
    [
      0,
      0,
      1029,
      0,
      0,
      0,
      0,
      3,
      0,
      0
    ],
    [
      0,
      0,
      3,
      992,
      0,
      4,
      0,
      5,
      5,
      1
    ],
    [
      0,
      1,
      3,
      0,
      962,
      0,
      2,
      6,
      0,
      8
    ],
    [
      0,
      0,
      2,
      2,
      0,
      880,
      0,
      1,
      7,
      0
    ],
    [
      1,
      1,
      2,
      0,
      1,
      5,
      936,
      0,
      12,
      0
    ],
    [
      0,
      1,
      5,
      0,
      1,
      0,
      0,
      1020,
      0,
      1
    ],
    [
      0,
      0,
      2,
      1,
      1,
      0,
      0,
      1,
      967,
      2
    ],
    [
      0,
      0,
      5,
      0,
      6,
      6,
      0,
      2,
      5,
      985
    ]
  ],
  "target_achievement": {
    "99_percent": 