{
  "timestamp": "20250601_163618",
  "epoch": 5,
  "test_accuracy": 98.56,
  "class_accuracies": {
    "0": 99.28571428571429,
    "1": 98.94273127753304,
    "2": 99.12790697674419,
    "3": 98.01980198019803,
    "4": 99.18533604887983,
    "5": 98.65470852017937,
    "6": 99.79123173277662,
    "7": 96.98443579766537,
    "8": 97.43326488706366,
    "9": 98.21605550049554
  },
  "confusion_matrix": [
    [
      973,
      0,
      1,
      0,
      0,
      1,
      5,
      0,
      0,
      0
    ],
    [
      0,
      1123,
      4,
      0,
      0,
      1,
      7,
      0,
      0,
      0
    ],
    [
      5,
      0,
      1023,
      0,
      1,
      0,
      2,
      0,
      0,
      1
    ],
    [
      0,
      1,
      4,
      990,
      0,
      11,
      0,
      3,
      1,
      0
    ],
    [
      0,
      0,
      0,
      0,
      974,
      0,
      2,
      0,
      1,
      5
    ],
    [
      3,
      0,
      0,
      2,
      0,
      880,
      7,
      0,
      0,
      0
    ],
    [
      2,
      0,
      0,
      0,
      0,
      0,
      956,
      0,
      0,
      0
    ],
    [
      1,
      5,
      20,
      1,
      2,
      1,
      0,
      997,
      1,
      0
    ],
    [
      6,
      0,
      2,
      2,
      1,
      2,
      12,
      0,
      949,
      0
    ],
    [
      1,
      0,
      2,
      1,
      5,
      6,
      0,
      0,
      3,
      991
    ]
  ],
  "difficult_classes_performance": {
    "5": 98.65470852017937,
    "7": 96.98443579766537,
    "9": 98.21605550049554
  }
}