{
  "timestamp": "20250601_164243",
  "epoch": 9,
  "test_accuracy": 99.03,
  "class_accuracies": {
    "0": 99.79591836734694,
    "1": 99.47136563876651,
    "2": 99.70930232558139,
    "3": 99.60396039603961,
    "4": 98.98167006109979,
    "5": 98.09417040358744,
    "6": 97.7035490605428,
    "7": 99.0272373540856,
    "8": 98.04928131416838,
    "9": 99.60356788899901
  },
  "confusion_matrix": [
    [
      978,
      0,
      1,
      0,
      0,
      0,
      1,
      0,
      0,
      0
    ],
    [
      0,
      1129,
      1,
      1,
      0,
      0,
      0,
      2,
      0,
      2
    ],
    [
      2,
      0,
      1029,
      0,
      1,
      0,
      0,
      0,
      0,
      0
    ],
    [
      0,
      1,
      0,
      1006,
      0,
      0,
      0,
      2,
      1,
      0
    ],
    [
      0,
      0,
      0,
      0,
      972,
      0,
      0,
      2,
      0,
      8
    ],
    [
      0,
      0,
      0,
      12,
      0,
      875,
      1,
      1,
      0,
      3
    ],
    [
      6,
      2,
      0,
      0,
      7,
      3,
      936,
      0,
      4,
      0
    ],
    [
      0,
      2,
      6,
      0,
      1,
      0,
      0,
      1018,
      0,
      1
    ],
    [
      0,
      1,
      2,
      5,
      1,
      0,
      0,
      1,
      955,
      9
    ],
    [
      0,
      0,
      0,
      0,
      3,
      0,
      0,
      0,
      1,
      1005
    ]
  ],
  "difficult_classes_performance": {
    "5": 98.09417040358744,
    "7": 99.0272373540856,
    "9": 99.60356788899901
  }
}