{
  "timestamp": "20250601_193041",
  "epoch": 6,
  "test_accuracy": 98.75,
  "class_accuracies": {
    "0": 99.38775510204081,
    "1": 99.73568281938327,
    "2": 98.64341085271317,
    "3": 98.11881188118812,
    "4": 99.4908350305499,
    "5": 99.32735426008968,
    "6": 99.26931106471815,
    "7": 99.12451361867704,
    "8": 98.25462012320328,
    "9": 96.13478691774033
  },
  "confusion_matrix": [
    [
      974,
      0,
      1,
      0,
      0,
      0,
      4,
      1,
      0,
      0
    ],
    [
      0,
      1132,
      1,
      0,
      0,
      0,
      2,
      0,
      0,
      0
    ],
    [
      3,
      1,
      1018,
      1,
      0,
      0,
      0,
      7,
      2,
      0
    ],
    [
      1,
      1,
      1,
      991,
      0,
      5,
      0,
      10,
      1,
      0
    ],
    [
      0,
      1,
      0,
      0,
      977,
      0,
      2,
      0,
      0,
      2
    ],
    [
      0,
      0,
      1,
      4,
      0,
      886,
      1,
      0,
      0,
      0
    ],
    [
      1,
      3,
      0,
      0,
      2,
      0,
      951,
      0,
      1,
      0
    ],
    [
      0,
      5,
      3,
      0,
      1,
      0,
      0,
      1019,
      0,
      0
    ],
    [
      2,
      0,
      3,
      2,
      0,
      1,
      7,
      2,
      957,
      0
    ],
    [
      2,
      2,
      1,
      1,
      11,
      10,
      0,
      5,
      7,
      970
    ]
  ],
  "difficult_classes_performance": {
    "5": 99.32735426008968,
    "7": 99.12451361867704,
    "9": 96.13478691774033
  }
}