{
  "timestamp": "20250601_163656",
  "model_type": "Enhanced NKAT-Transformer v2.0",
  "overall_accuracy": 98.56,
  "total_samples": 10000,
  "total_errors": 144,
  "error_rate": 1.44,
  "average_confidence": 0.900733232498169,
  "class_statistics": {
    "0": {
      "accuracy": 99.28571428571429,
      "confidence": 0.9133003950119019,
      "samples": 980
    },
    "1": {
      "accuracy": 98.94273127753304,
      "confidence": 0.9091354608535767,
      "samples": 1135
    },
    "2": {
      "accuracy": 99.12790697674419,
      "confidence": 0.9186341762542725,
      "samples": 1032
    },
    "3": {
      "accuracy": 98.01980198019803,
      "confidence": 0.9059848189353943,
      "samples": 1010
    },
    "4": {
      "accuracy": 99.18533604887983,
      "confidence": 0.8833163380622864,
      "samples": 982
    },
    "5": {
      "accuracy": 98.65470852017937,
      "confidence": 0.9028754234313965,
      "samples": 892
    },
    "6": {
      "accuracy": 99.79123173277662,
      "confidence": 0.8981650471687317,
      "samples": 958
    },
    "7": {
      "accuracy": 96.98443579766537,
      "confidence": 0.8906904458999634,
      "samples": 1028
    },
    "8": {
      "accuracy": 97.43326488706366,
      "confidence": 0.8782714605331421,
      "samples": 974
    },
    "9": {
      "accuracy": 98.21605550049554,
      "confidence": 0.9049195647239685,
      "samples": 1009
    }
  },
  "difficult_classes_performance": {
    "5": 98.65470852017937,
    "7": 96.98443579766537,
    "9": 98.21605550049554
  },
  "top_error_patterns": {
    "7\u21922": 20,
    "8\u21926": 12,
    "3\u21925": 11,
    "1\u21926": 7,
    "5\u21926": 7,
    "8\u21920": 6,
    "9\u21925": 6,
    "9\u21924": 5,
    "7\u21921": 5,
    "2\u21920": 5
  },
  "confusion_matrix": [
    [
      973,
      0,
      1,
      0,
      0,
      1,
      5,
      0,
      0,
      0
    ],
    [
      0,
      1123,
      4,
      0,
      0,
      1,
      7,
      0,
      0,
      0
    ],
    [
      5,
      0,
      1023,
      0,
      1,
      0,
      2,
      0,
      0,
      1
    ],
    [
      0,
      1,
      4,
      990,
      0,
      11,
      0,
      3,
      1,
      0
    ],
    [
      0,
      0,
      0,
      0,
      974,
      0,
      2,
      0,
      1,
      5
    ],
    [
      3,
      0,
      0,
      2,
      0,
      880,
      7,
      0,
      0,
      0
    ],
    [
      2,
      0,
      0,
      0,
      0,
      0,
      956,
      0,
      0,
      0
    ],
    [
      1,
      5,
      20,
      1,
      2,
      1,
      0,
      997,
      1,
      0
    ],
    [
      6,
      0,
      2,
      2,
      1,
      2,
      12,
      0,
      949,
      0
    ],
    [
      1,
      0,
      2,
      1,
      5,
      6,
      0,
      0,
      3,
      991
    ]
  ],
  "target_achievement": {
    "99_percent": false,
    "vs_previous": "98.56% vs 97.79% (previous best)"
  }
}